ADMINISTARCION. UNA PERSPECTIVA GLOBAL;HAROLD KOONTZ;1994;658;K 83;649
ADMINISTARCION. UNA PERSPECTIVA GLOBAL;HAROLD KOONTZ;1994;658;K 83;650
ADMINISTARCION. UNA PERSPECTIVA GLOBAL;HAROLD KOONTZ;1994;658;K 83;651
ADMINISTARCION. UNA PERSPECTIVA GLOBAL;HAROLD KOONTZ;1994;658;K 83;652
ADMINISTARCION. UNA PERSPECTIVA GLOBAL;HAROLD KOONTZ;1994;658;K 83;654
ADMINISTRACION;DAVID R. HAMPTON;1989;658;H 232a;482
ADMINISTRACION;DAVID R. HAMPTON;1989;658;H 232a;936
ADMINISTRACION;DAVID R. HAMPTON;1989;658;H 232a;6245
ADMINISTRACION;DAVID R. HAMPTON;1989;658;H 232a;6246
ADMINISTRACION;DAVID R. HAMPTON;1989;658;H 232a;7731
ADMINISTRACION;HAROLD KOONTZ;1985;658;K 83;645
ADMINISTRACION;JAMES A. F. STONER;1996;658;ST 881a;14232
ADMINISTRACION;STEPHEN P. ROBBINS;2000;658;R 657a;9893
ADMINISTRACION;STEPHEN P. ROBBINS;2000;658;R 657a;10779
ADMINISTRACION;HAROLD KOONTZ;1993;658;K82;16673
ADMINISTRACION;DAVID R. HAMPTON;1993;658;H243;16676
ADMINISTRACION;DAVID R. HAMPTON;1995;658;H243;16675
ADMINISTRACION CONTEMPORANEA;DAVID R. HAMPTON;1987;658;H 232;481
ADMINISTRACION DE COMPRAS Y MATERIALES;MICHIEL LEENDERS;1995;658.7;L 486;8687
ADMINISTRACION DE COMPRAS Y MATERIALES;MICHIEL LEENDERS;1995;658.7;L 486;8688
ADMINISTRACION DE EMPRESAS CONSTRUCTORAS;CARLOS SUAREZ SALAZAR;2001;658.159.69;S 939a;9410
ADMINISTRACION DE EMPRESAS CONSTRUCTORAS;CARLOS SUAREZ SALAZAR;2001;658.159.69;S 939a;9411
ADMINISTRACION DE EMPRESAS CONSTRUCTORAS;CARLOS SUAREZ SALAZAR;1989;658.159.69;S 939a;2530
ADMINISTRACION DE LA PRODUCCION;L. TAWFIK;1998;658.3;T 234;3942
ADMINISTRACION DE MARKETING;J. PAUL PETER;1996;658.4;P 478a;9906
ADMINISTRACION DE OPERACIONES. TOMA DE DECISIONES EN LA FUNCION DE OPERACIONES;ROGER G. SCHROEDER;1992;658.14;S 381a;9897
ADMINISTRACION DE PERSONAL;GARY DESSLER;2001;658.3;D 475a;14257
ADMINISTRACION DE PERSONAL;SIKULA;1993;658.3;S576;16679
ADMINISTRACION DE PERSONAL;CHRUDEN / SHERMAN;1995;658.3;C558;16680
ADMINISTRACION DE PERSONAL Y RECURSOS HUMANOS;WILLIAM B. WETHER;1996;658.3;W 499a;4069
ADMINISTRACION DE PERSONAL Y RECURSOS HUMANOS;WILLIAM B. WETHER;1996;658.3;W 499a;10841
ADMINISTRACION DE PROYECTOS CIVILES;MARIO CAMPERO Q.;1999;658.159;C 195a;3197
ADMINISTRACION DE RECURSOS HUMANOS;IDALBERTO CHIAVENATO;1994;658.3;CH 532;2035
ADMINISTRACION DE RECURSOS HUMANOS;IDALBERTO CHIAVENATO;1994;658.3;CH 532;6246
ADMINISTRACION DE RECURSOS HUMANOS. EL CAPITAL HUMANO DE LAS EMPRESAS;WILLIAM B. WETHER;2008;658.3;W 499ar;14240
ADMINISTRACION DE VENTAS;EUGENE M. JOHNSON;1996;658.810;J 67a;7950
ADMINISTRACION EN LAS ORGANIZACIONES;JAMES E. ROZENZWEIG;1987;658.3;K 19;3154
ADMINISTRACION EN LAS ORGANIZACIONES;JAMES E. ROZENZWEIG;1987;658.3;K 19;10665
ADMINISTRACION FINANCIER BASICA;LAWRENCE J. GITMAN;1996;658.15;G 536a;7245
ADMINISTRACION FINANCIER BASICA;LAWRENCE J. GITMAN;1996;658.15;G 536a;7246
ADMINISTRACION FINANCIER BASICA;LAWRENCE J. GITMAN;1996;658.15;G 536a;7247
ADMINISTRACION FINANCIERA;JAMES C. VAN HORNE;1996;658.15;V 256;405
ADMINISTRACION FINANCIERA;LAWRENCE J. GITMAN;2000;658.4;G 536p;9481
ADMINISTRACION FINANCIERA;LAWRENCE J. GITMAN;2000;658.4;G 536p;9484
ADMINISTRACION FINANCIERA ;JAMES C. VAN HORNE;1997;658.159;V256;16677
ADMINISTRACION FINANCIERA BASICA;LAWRENCE J. GITMAN;1986;658.15;G 536fa;449
ADMINISTRACION FINANCIERA BASICA;LAWRENCE J. GITMAN;1990;658.15;G 536;1090
ADMINISTRACION FINANCIERA BASICA;LAWRENCE J. GITMAN;1990;658.15;G 536;1091
ADMINISTRACION FINANCIERA BASICA;LAWRENCE J. GITMAN;1990;658.15;G 536;1093
ADMINISTRACION FINANCIERA CORPORATIVA;DOUGLAS R. EMERY;2000;658.14;E 53a;10865
ADMINISTRACION FINANCIERA DEL CIRCULANTE;MANUEL ENRIQUE MADROÑO COSIO;2008;658.15;M 183;14260
ADMINISTRACION FINANCIERA INTERNACIONAL;JEFF MADURA;2011;658.12;M 178a;10848
ADMINISTRACION FINANCIERA. TOMO I;GEORGE C. PHILIPPATOS;1996;658.13;P 551a;9895
ADMINISTRACION FINANCIERA. TOMO II;GEORGE C. PHILIPPATOS;1996;658.13;P 551a;9896
ADMINISTRACION INDUSTRIAL Y GENERAL;HENRI FAYOL;1971;658.2;F 196;1130
ADMINISTRACION INDUSTRIAL Y GENERAL;HENRI FAYOL;1993;658.2;F 196a;7743
ADMINISTRACION MODERNA DE PERSONAL;JOAQUIN RODRIGUEZ VALENCIA;2007;658.3;R 696a;14258
ADMINISTRACION MODERNA DE PERSONAL;JOAQUIN RODRIGUEZ VALENCIA;2007;658.3;R 696a;14259
ADMINISTRACION POR CALIDAD;MANUEL ABURTO JIMENEZ;1992;658.568;A 167;8670
ADMINISTRACION POR CALIDAD;MANUEL ABURTO JIMENEZ;1992;658.568;A 167;8951
ADMINISTRACION SOCIAL : SERVICIO DE BIENESTAR SOCIAL;MARIA DEL CARMEN ALEMAN BRACHO;1996;658;A 367a;5459
ADMINISTRACION SOCIAL : SERVICIO DE BIENESTAR SOCIAL;MARIA DEL CARMEN ALEMAN BRACHO;1996;658;A 367a;5460
ADMINISTRACION UNA PERSPECTIVA GLOBAL;HAROLD KOONTZ;1999;658;K82;16672
ADMINISTRACION Y DIRECCION DE PROYECTOS. UN ENFOQUE INTEGRADO;PEDRO BRICEÑO L.;1996;658.3;B 849a;4992
ADMINISTRACION Y DIRECCION DE PROYECTOS. UN ENFOQUE INTEGRADO;PEDRO BRICEÑO L.;1996;658.3;B 849a;4993
ADMINISTRACION Y DIRECCION DE PROYECTOS. UN ENFOQUE INTEGRADO;PEDRO BRICEÑO L.;1996;658.3;B 849a;4994
ADMINISTRACION Y DIRECCION DE PROYECTOS. UN ENFOQUE INTEGRADO;PEDRO BRICEÑO L.;1996;658.3;B 849a;4995
ADMINISTRACION Y DIRECCION TECNICA DE LA PRODUCCION;ELWOOD S. BUFFA;1986;658.3;B 929d;2180
ADMINISTRACION Y ESTRATEGIA;JORGE HERMIDA;1992;658.15;H 554a;9463
ADMINISTRACION. FUNDAMENTOS. COMO INICIARSE EN EL ESTUDIO DE LA ADMINISTRACION;NORBERTO OSPINA MONTOYA;2010;658;O 583;14277
ADMINISTRACION. UNA PERSPECTIVA GLOBAL;HAROLD KOONTZ;1998;658;K 83a;3978
ADMINISTRACION. UNA PERSPECTIVA GLOBAL;HAROLD KOONTZ;1998;658;K 83a;7093
ADMINISTRACION. UNA PERSPECTIVA GLOBAL;HAROLD KOONTZ;1998;658;K 83a;7099
ANALISIS CUANTITATIVO PARA LOS NEGOCIOS;CHARLES E. BONINI;2000;658;B 715a;2310
ANALISIS CUANTITATIVO PARA LOS NEGOCIOS;CHARLES E. BONINI;2000;658;B 715a;2439
ANALISIS DE ESTADOS FINANCIEROS. TEORIA, APLICACION E INTERPRETACION;LEOPOLD A. BERNSTEN;1993;658.152;B 517a;5003
ANALISIS DE ESTADOS FINANCIEROS. TEORIA, APLICACION E INTERPRETACION;LEOPOLD A. BERNSTEN;1993;658.152;B 517a;5004
ANALISIS Y DISEÑO DE SISTEMAS DE INFORMACION;JAMES A. SENN;1988;658.403.88;S 478;656
ANALISIS Y DISEÑO DE SISTEMAS DE INFORMACION;JAMES A. SENN;1988;658.403.88;S 478;657
ANALISIS Y DISEÑO DE SISTEMAS DE INFORMACION;JAMES A. SENN;1992;658.403.88;S 478;658
ANALISIS Y DISEÑO DE SISTEMAS DE INFORMACION;JAMES A. SENN;1992;658.403.88;S 478;660
ANALISIS Y DISEÑO DE SISTEMAS DE INFORMACION;JAMES A. SENN;1992;658.403.88;S 478;661
ANALISIS Y DISEÑO DE SISTEMAS DE INFORMACION;JEFFREY L. WITTEN;1996;658.403.88;W 585a;9296
ANALISIS Y DISEÑO DE SISTEMAS DE INFORMACION;JEFFREY L. WITTEN;1996;658.403.88;W 585a;9298
ANATOMIA DE LA EMPRESA. UNA TEORIA GENERAL DE LAS ORGANIZACIONES SOCIALES;OSCAR JOHANSEN;1982;658.3;J 65;3181
BIBLIOTECA DE CIENCIA ECONOMICA-LA GESTION FINANCIERA;GASTON DEFOSSE;1979;658;D314;16683
BIBLIOTECA DE LA CIENCIA ECONOMICA- GESTION DE LA EMPRESA;J.AUBERT-KRIER Y OTROS;1980;658;A889;16682
CALIDAD TOTAL Y PRODUCTIVIDAD;HUMBERTO GUTIERREZ PULIDO;1997;658.002.8;G 983c;9931
CALIDAD TOTAL. GUIA PARA SU IMPLANTACION;DAN CIAMPA;1993;658.568;C 565;6448
CALIDAD TOTAL. GUIA PARA SU IMPLANTACION;DAN CIAMPA;1993;658.568;C 565;6449
CALIDAD TOTAL. GUIA PARA SU IMPLANTACION;DAN CIAMPA;1993;658.568;C 565;6450
CAMPAÑAS PUBLICITARIAS EXITOSAS;ALBERT DAVIS LASKER;1992;659.113;L 345;1266
CAMPAÑAS PUBLICITARIAS EXITOSAS;ALBERT DAVIS LASKER;1992;659.113;L 345;1267
CASOS DE EMPRESAS;JOSE RIVERA IZAM;2000;658.3;R 621c;3187
CASOS PRACTICOS DE MARKETING;JEAN JACQUES LAMBIN;1995;658.82;L 224c;7878
COMERCIALIZACION. BASIC MARKETING;E. JEROME MCCARTHY;1992;658.8;M 121;451
COMERCIALIZACION. BASIC MARKETING;E. JEROME MCCARTHY;1992;658.8;M 121;453
COMERCIALIZACION. BASIC MARKETING;E. JEROME MCCARTHY;1992;658.8;M 121;6637
COMO HACER INVESTIGACION DE MERCADOS;PAUL N. HAGUE;1994;658.83;H 147c;7964
COMO LOGRAR CALIDAD EN BIENES Y SERVICIOS;RAUL CARDENAS HERRERA;1993;658.562;C 266;5038
COMO PREPARAR EL EXITOSO PLAN DE MERCADOTECNIA;ROMAN G. HIEBING;1992;658.8;H 633c;9279
COMO PREPARAR EL EXITOSO PLAN DE MERCADOTECNIA;ROMAN G. HIEBING;1992;658.8;H 633c;9280
COMO PREPARAR EL EXITOSO PLAN DE MERCADOTECNIA;ROMAN G. HIEBING;1992;658.8;H 633c;9281
COMPORTAMIENTO DEL CONSUMIDOR;DEL I. HAWKINS;1997;658.8;H 393c;9355
COMPORTAMIENTO DEL CONSUMIDOR;DEL I. HAWKINS;1997;658.8;H 393c;7932
CONSULTOR PARA LA DIRECCION GENERAL;ASOC. ESPAÑOLA DE PLANIFICACION;2001;658;C 346c;14269
CONSULTOR PARA LA DIRECCION GENERAL;ASOC. ESPAÑOLA DE PLANIFICACION;2001;658;C 346c;14270
CONTROL DE CALIDAD Y PRODUCCION INDUSTRIAL. TOMO II;ACHESON J. DUNCAN;1990;658.568;D911;1375
CONTROL DE CALIDAD Y PRODUCCION INDUSTRIAL. TOMO III;ACHESON J. DUNCAN;1990;658.568;D911;1376
CONTROL DE GESTION;PATRICIO JIMENEZ BERMEJO;2001;658.6;J 61c;9817
CONTROL DE GESTION Y CONTROL PRESUPUESTARIO;CARLOS MALLO;1995;658.15;M 527;6539
CONTROL DE GESTION Y CONTROL PRESUPUESTARIO;CARLOS MALLO;1995;658.15;M 527;6540
CONTROL DE GESTION Y CONTROL PRESUPUESTARIO;CARLOS MALLO;1995;658.15;M 527;6541
CONTROL ESTADISTICO DE CALIDAD;EUGENE L. GRANT;1986;658.568;G 761;1373
COSTO Y TIEMPO EN EDIFICACION;CARLOS SUAREZ SALAZAR;1990;658.159.69;S 939;2531
COSTO Y TIEMPO EN EDIFICACION;CARLOS SUAREZ SALAZAR;2001;658.159.69;S 939;156
COSTO Y TIEMPO EN EDIFICACION;CARLOS SUAREZ SALAZAR;2001;658.159.69;S 939;157
CRITERIOS DE EVALUACION DE PROYECTOS. COMO MEDIR LA RENTABILIDAD DE LAS INVERSIONES;NASSIR SAPAG CHAIN;1993;658.404;S 241;1832
CRITERIOS DE EVALUACION DE PROYECTOS. COMO MEDIR LA RENTABILIDAD DE LAS INVERSIONES;NASSIR SAPAG CHAIN;1993;658.404;S 241;1383
CRITERIOS DE EVALUACION DE PROYECTOS. COMO MEDIR LA RENTABILIDAD DE LAS INVERSIONES;NASSIR SAPAG CHAIN;1993;658.404;S 241;1384
CRITERIOS DE EVALUACION DE PROYECTOS. COMO MEDIR LA RENTABILIDAD DE LAS INVERSIONES;NASSIR SAPAG CHAIN;1993;658.404;S 241;1385
CRITERIOS DE EVALUACION DE PROYECTOS. COMO MEDIR LA RENTABILIDAD DE LAS INVERSIONES;NASSIR SAPAG CHAIN;1993;658.404;S 241;1386
CRITERIOS DE EVALUACION DE PROYECTOS. COMO MEDIR LA RENTABILIDAD DE LAS INVERSIONES;NASSIR SAPAG CHAIN;1993;658.404;S 241;1387
CRITERIOS DE EVALUACION DE PROYECTOS. COMO MEDIR LA RENTABILIDAD DE LAS INVERSIONES;NASSIR SAPAG CHAIN;1993;658.404;S 241;1675
DESARROLLO DE SISTEMAS DE INFORMACION;JUAN BRAVO C.;1988;658.403.88;B 826;2287
DESARROLLO ORGANIZACIONAL;WENDELL L. FRENCH;1996;658.3;F 876;8100
DESARROLLO ORGANIZACIONAL. PRINCIPIOS Y APLICACIONES;RAFAEL GUIZAR M.;1998;658.3;G 969;6314
DESARROLLO ORGANIZACIONAL. VALORES, PROCESO Y TECNOLOGIA;NEWTON MARGULIES;1998;658.3;M 331;8067
DESARROLLO ORIENTADO A OBJETOS.  SISTEMAS DE INFORMACION PARA LA REINGENIERIA;OSCAR BARROS V.;1995;658.403.88;B 277d;8074
DESARROLLO ORIENTADO A OBJETOS.  SISTEMAS DE INFORMACION PARA LA REINGENIERIA;OSCAR BARROS V.;1995;658.403.88;B 277d;8699
DIAGNOSTICO ORGANIZACIONAL;DARIO RODRIGUEZ MANSILLA;1998;658.406;R 696d;9075
DIRECCION DE LA PRODUCCION;JAY HEIZER;1997;658.5;H 473de;9110
DIRECCION DE LA PRODUCCION;JAY HEIZER;1997;658.5;H 473de;9112
DIRECCION DE MARKETING;PHILIP KOTLER;2001;658.8;K 87;9089
DIRECCION DE MARKETING. FUNDAMENTOS Y APLICACIONES;JAIME RIVERA CAMINO;2009;658.8;R 621d;14244
DIRECCION DE MERCADOTECNIA. ANALISIS, PLANEACION Y CONTROL;PHILIP KOTLER;1980;658.8;K 87dm;1070
DIRECCION DE MERCADOTECNIA. ANALISIS, PLANEACION Y CONTROL;PHILIP KOTLER;1980;658.8;K 87dm;1071
DIRECCION DE MERCADOTECNIA. ANALISIS, PLANEACION Y CONTROL;PHILIP KOTLER;1987;658.8;K 87dm;1069
DIRECCION DE OPERACIONES;JOSE ANTONIO DOMINGUEZ;1995;658.542;D 671;1766
DIRECCION DE OPERACIONES VOL. 1;ELWOOD S. BUFFA;1987;658.542;B 929d;8071
DIRECCION DE OPERACIONES VOL. 2;ELWOOD S. BUFFA;1987;658.542;B 929d;8072
DIRECCION DE OPERACIONES VOL. 3;ELWOOD S. BUFFA;1987;658.542;B 929d;8073
DIRECCION DE ORGANIZACIONES;ARTURO PALMA LE BLANC;1993;658.3;P 171;7487
DIRECCION ESTRATEGICA;SAMUEL C. CERTO;1997;658.1;C 418d;9461
DIRECCION Y GESTION DE RECURSOS HUMANOS EN LAS ADMINISTRACIONES PUBLICAS;MANUEL VILLORIA MENDIETA;2009;658.409;V 759;14264
DISEÑO DE SISTEMAS DE INFORMACION;JOHN G. BURCH;1999;658.403.88;B 947;6589
DISEÑO DE SISTEMAS DE INFORMACION;JOHN G. BURCH;1999;658.403.88;B 947;6591
EL ADMINISTRADOR COMO UN DEFINIDOR;OSCAR JOHANSEN;2000;658.15;J 65ad;9385
EL MARKETING COMO ARMA COMPETITIVA;TOMAS ALFARO DRAKE;1992;658.82;A 385m;7872
EL METODO DEL CASO EN LA FORMACION DE ADMINISTRADORES ;PATRICIO JIMENEZ BERMEJO;1999;658.07;J61m;10658
EL METODO DEL CASO EN LA FORMACION DE ADMINISTRADORES ;PATRICIO JIMENEZ BERMEJO;1999;658;P722;10506
EL PRECIO. VARIABLE ESTRATEGICA DE MARKETING;EMILIO DE VELASCO;1994;658.810;V 433p;7865
EL PROCESO ESTRATEGICO. CONCEPTOS, CONTEXTOS Y CASOS;HENRY MINTZBERG;1997;658;M 667p;10849
EL SISTEMA DE EMPRESA. UNA VISION INTEGRAL DE LA ADMINISTRACION;PABLO ILLANES FRONTAURA;1996;658.3;I 29s;5157
EL SISTEMA DE EMPRESA. UNA VISION INTEGRAL DE LA ADMINISTRACION;PABLO ILLANES FRONTAURA;1999;658.3;I 29s;5664
ELEMENTOS DE ADMINISTRACION. UN ENFOQUE INTERNACIONAL;HAROLD KOONTZ;2007;658;K 82e;14262
ENCICLOPEDIA DE GESTION Y ADMINISTRACION DE EMPRESAS. TOMO 1;CARL HEYEL;1986;658.15;H 616;2471
ENCICLOPEDIA DE GESTION Y ADMINISTRACION DE EMPRESAS. TOMO 2;CARL HEYEL;1986;658.15;H 616e;2472
ENCICLOPEDIA DE GESTION Y ADMINISTRACION DE EMPRESAS. TOMO 3;CARL HEYEL;1986;658.15;H 616en;2473
ESTRATEGIA INTERNACIONAL MAS ALLA DE LA EXPORTACION;JOSE CARLOS JARILLO ;1991;658.503;J37;16662
ESTRATEGIAS EFICACES DE VENTAS;BRIAN TRACY;1995;658.810;T 761e;10025
ESTRATEGIAS PARA EL LIDERAZGO COMPETITIVO;ARNOLDO HAX;1997;658.3;H 411;7680
ESTRATEGIAS PARA EL LIDERAZGO COMPETITIVO;ARNOLDO HAX;1997;658.3;H 411;7687
ESTRATEGIAS PARA EL LIDERAZGO COMPETITIVO;ARNOLDO HAX;1997;658.3;H 411;9331
EVALUACION DE DECISIONES ESTRATEGICAS;PATRICIO DEL SOL;2000;658.401;S 684e;9146
EVALUACION DE PROYECTOS;GABRIEL BACA URBINA;2001;658.404;B 116e;9820
EVALUACION DE PROYECTOS;GABRIEL BACA URBINA;2001;658.404;B 116e;2395
EVALUACION DE PROYECTOS;GABRIEL BACA URBINA;2001;658.404;B 116e;2396
EVALUACION DE PROYECTOS;GABRIEL BACA URBINA;2001;658.404;B 116e;2397
EVALUACION DE PROYECTOS;GABRIEL BACA URBINA;2001;658.404;B 116e;2398
EVALUACION DE PROYECTOS;GABRIEL BACA URBINA;2001;658.404;B 116e;2399
EVALUACION DE PROYECTOS NO SOLO UNA CUESTION DE NUMEROS;NASSIR SAPAG CHAIN;;658.404;S 241e;1947
EVALUACION SOCIAL DE PROYECTOS;ERNESTO R. FONTAINE;1989;658.404;F 678;1390
EVALUACION SOCIAL DE PROYECTOS;ERNESTO R. FONTAINE;1989;658.404;F 678;1391
EVALUACION SOCIAL DE PROYECTOS;ERNESTO R. FONTAINE;1989;658.404;F 678;3162
EVALUACION SOCIAL DE PROYECTOS;ERNESTO R. FONTAINE;1994;658.404;F 678;5148
EVALUACION SOCIAL DE PROYECTOS;ERNESTO R. FONTAINE;1994;658.404;F 678;1392
EVALUACION SOCIAL DE PROYECTOS;ERNESTO R. FONTAINE;1994;658.404;F 678;1393
EVALUACION SOCIAL DE PROYECTOS;ERNESTO R. FONTAINE;1997;658.404;F 678;4106
EVALUACION SOCIAL DE PROYECTOS;ERNESTO R. FONTAINE;1997;658.404;F 678;4107
EVALUACION SOCIAL DE PROYECTOS;ERNESTO R. FONTAINE;1997;658.404;F 678;4108
EVALUACION SOCIAL DE PROYECTOS;ERNESTO R. FONTAINE;1997;658.404;F 678;4109
EVALUACION SOCIAL DE PROYECTOS;ERNESTO R. FONTAINE;1997;658.404;F 678;10664
EVALUACION SOCIAL DE PROYECTOS;ERNESTO R. FONTAINE;1997;658.404;F 678;9880
EVALUACION SOCIAL DE PROYECTOS;ERNESTO R. FONTAINE;1997;658.404;F 678;9882
EVALUACION SOCIAL DE PROYECTOS;ERNESTO R. FONTAINE;1997;658.404;F 678;9883
FINANZAS;ZVI BODIE;2003;658.17;B 667f;10877
FINANZAS CORPORATIVAS;STEPHEN A. ROSS;1997;658.15;R 826;6289
FINANZAS CORPORATIVAS;STEPHEN A. ROSS;1997;658.15;R 826;6290
FINANZAS EN ADMINISTRACION. VOL. 1;J. FRED WESTON;1984;658.15;W 535f;3518
FINANZAS EN ADMINISTRACION. VOL. 1;J. FRED WESTON;1988;658.15;W 535;3517
FINANZAS EN ADMINISTRACION. VOL. 1;J. FRED WESTON;1995;658.15;W 535fin;9325
FINANZAS EN ADMINISTRACION. VOL. 1;J. FRED WESTON;1995;658.15;W 535fin;1571
FINANZAS EN ADMINISTRACION. VOL. 2;J. FRED WESTON;1984;658.15;W 535f;9755
FINANZAS EN ADMINISTRACION. VOL. 2;J. FRED WESTON;1988;658.15;W 535;3510
FINANZAS EN ADMINISTRACION. VOL. 2;J. FRED WESTON;1995;658.15;W 535fi;9271
FINANZAS EN ADMINISTRACION. VOL. 2;J. FRED WESTON;1995;658.15;W 535fi;9273
FINANZAS INERNACIONALES;PATRICIO JIMENEZ BERMEJO;1998;658.19;J 61f;10859
FUNDAMENTOS DE ADMINISTRACION FINANCIERA;STANLEY B. BLOCK;2008;658.15;B 651a;14254
FUNDAMENTOS DE ADMINISTRACION FINANCIERA;J. FRED WESTON;1999;658.15;W 535fad;1256
FUNDAMENTOS DE ADMINISTRACION FINANCIERA;J. FRED WESTON;1999;658.15;W 535fad;8455
FUNDAMENTOS DE ADMINISTRACION FINANCIERA;J. FRED WESTON;1999;658.15;W 535fad;8466
FUNDAMENTOS DE DIRECCION Y ADMINISTRACION DE EMPRESAS;JAMES H. DONNELLY;1994;658.3;D 681f;10862
FUNDAMENTOS DE ESTRATEGIA EMPRESARIAL;JORGE TARZIJAN M.;2008;658.152.6;T 196f;14261
FUNDAMENTOS DE FINANZAS CORPORATIVAS;STEPHEN A. ROSS;2010;658.15;R 838ffc;14309
FUNDAMENTOS DE MARKETING;WILLIAM J. STANTON;1996;658.8;S 722;5203
FUNDAMENTOS DE MARKETING;WILLIAM J. STANTON;1996;658.8;S 722;5204
FUNDAMENTOS DE MARKETING;WILLIAM J. STANTON;1996;658.8;S 722;5205
FUNDAMENTOS DE MARKETING. ;WILLIAM J. STANTON;2000;658.8;S 792f;3106
FUNDAMENTOS DE MARKETING. ;WILLIAM J. STANTON;2000;658.8;S 792f;3107
FUNDAMENTOS DE MERCADOTECNIA;PHILIP KOTLER;1991;658.8;K 87fm;385
FUNDAMENTOS DE MERCADOTECNIA;PHILIP KOTLER;1991;658.8;K 87fm;386
FUNDAMENTOS DE MERCADOTECNIA;PHILIP KOTLER;1991;658.8;K 87fm;387
FUNDAMENTOS DE MERCADOTECNIA;PHILIP KOTLER;1985;658.8;K 87fm;388
FUNDAMENTOS DE MERCADOTECNIA;PHILIP KOTLER;1998;658.81;K 87f;7906
FUNDAMENTOS DE PREPARACION Y EVALUACION DE PROYECTOS;NASSIR SAPAG CHAIN;1985;658.404;S 241f;2946
FUNDAMENTOS DE SISTEMAS DE INFORMACION;CHRIS EDWARDS;1998;658.403.88;E 26;8479
FUNDAMENTOS DE SISTEMAS DE INFORMACION;CHRIS EDWARDS;1998;658.403.88;E 26;8483
FUNDAMENTOS DE SISTEMAS DE INFORMACION;CHRIS EDWARDS;1998;658.403.88;E 26;8481
FUNDAMENTOS DE SISTEMAS DE INFORMACION;CHRIS EDWARDS;1998;658.403.88;E 26;4135
FUNDAMENTOS DE SISTEMAS DE INFORMACION;CHRIS EDWARDS;1998;658.403.88;E 26;4136
FUNDAMENTOS DE SISTEMAS DE INFORMACION;CHRIS EDWARDS;1998;658.403.88;E 26;8482
FUNDAMENTOS DE SISTEMAS DE INFORMACION;CHRIS EDWARDS;1998;658.403.88;E 26;4138
FUNDAMENTOS Y APLICACIONES DE LA GESTION FINANCIERA DE LA EMPRESA;JOSE MARIA CASTAN FARRERO;2009;658;C 346f;14265
FUNDAMENTOS Y APLICACIONES DE LA GESTION FINANCIERA DE LA EMPRESA;JOSE MARIA CASTAN FARRERO;2009;658;C 346f;14266
GERENCIA DE MARKETING. ESTRATEGIAS Y PROGRAMAS;JOSEPH P. GUILTINAN;1998;658.83;G 953m;10870
GESTION DE EMPRESA CON UNA VISION ESTRATEGICA;ARNOLDO HAX;1996;658;H 411;14450
GESTION DE EMPRESA CON UNA VISION ESTRATEGICA;ARNOLDO HAX;1996;658;H 411;14451
GESTION DE EMPRESAS CON UNA VISION ESTRATEGICA;ARNOLDO HAX;1996;658.3;H 411g;7620
GESTION DE EMPRESAS CON UNA VISION ESTRATEGICA;ARNOLDO HAX;1996;658.3;H 411g;9330
GESTION. CALIDAD Y COMPETITIVIDAD;JOHN M. IVANCEVICH;1997;658.3;I 96g;10867
GUIA COMPLETA DE LAS NORMAS ISO 14000;RICHARD B. CLEMENTS;2000;658.002.8;C 626;7120
GUIA COMPLETA DE LAS NORMAS ISO 14000;RICHARD B. CLEMENTS;2000;658.002.8;C 626;7121
GUIA DE DIRECCION DE PERSONAL;INC;1992;658.409;SC 395d;14247
GUIA DE DIRECCION DE PERSONAL;INC;1992;658.409;SC 395d;14246
GUIA DE FORMULACION DE PROYECTOS DE INVESTIGACION;MAURICIO CASTILLO SANCHEZ;2004;658.404;C 353.2pr.i;13509
GUIA DE FORMULACION DE PROYECTOS DE INVESTIGACION;MAURICIO CASTILLO SANCHEZ;2004;658.404;C 353.2pr.i;13510
GUIA PARA LA PRESENTACION DE PROYECTOS;ILPES;1979;658.404;I 29;2408
GUIA PARA LA PRESENTACION DE PROYECTOS;ILPES;1979;658.404;I 29;2409
GUIA PARA LA PRESENTACION DE PROYECTOS;ILPES;1979;658.404;I 29;2410
INTRODUCCION A LA INFORMATICA Y LOS SISTEMAS DE INFORMACION ADMINISTRATIVOS;OSCAR BARROS V.;1993;658.403.88;B 277iis;715
INTRODUCCION A LA INFORMATICA Y LOS SISTEMAS DE INFORMACION ADMINISTRATIVOS;OSCAR BARROS V.;1993;658.403.88;B 277iis;716
INTRODUCCION A LA INFORMATICA Y LOS SISTEMAS DE INFORMACION ADMINISTRATIVOS;OSCAR BARROS V.;1993;658.403.88;B 277iis;717
INTRODUCCION A LA INFORMATICA Y LOS SISTEMAS DE INFORMACION ADMINISTRATIVOS;OSCAR BARROS V.;1993;658.403.88;B 277iis;718
INTRODUCCION A LA INFORMATICA Y LOS SISTEMAS DE INFORMACION ADMINISTRATIVOS;OSCAR BARROS V.;1993;658.403.88;B 277iis;719
INTRODUCCION A LA INFORMATICA Y LOS SISTEMAS DE INFORMACION ADMINISTRATIVOS;OSCAR BARROS V.;1993;658.403.88;B 277iis;720
INTRODUCCION A LA INVESTIGACION DE MERCADOS;ALFREDO LOPEZ ALTAMIRANO;1995;658.83;L 864i;7963
INTRODUCCION A LA TEORIA GENERAL DE LA ADMINISTRACION;IDALBERTO CHIAVENATO;1989;658.3;CH 533;3153
INTRODUCCION A LA TEORIA GENERAL DE SISTEMAS;OSCAR JOHANSEN;1993;658.403.88;J 65;738
INTRODUCCION A LA TEORIA GENERAL DE SISTEMAS;OSCAR JOHANSEN;1993;658.403.88;J 65;739
INTRODUCCION A LA TEORIA GENERAL DE SISTEMAS;OSCAR JOHANSEN;1993;658.403.88;J 65;740
INTRODUCCION A LA TEORIA GENERAL DE SISTEMAS;OSCAR JOHANSEN;1993;658.403.88;J 65;741
INTRODUCCION A LA TEORIA GENERAL DE SISTEMAS;OSCAR JOHANSEN;1993;658.403.88;J 65;742
INVENTANDO LA EMPRESA DEL SIGLO XXI;FERNANDO FLORES;1996;658.408;F 634;8094
INVESTIGACION DE MERCADOS. EN UN AMBIENTE DE INFORMACION CAMBIANTE;JOSEPH F. HAIR;2004;658.87;B 979i.m;14305
INVESTIGACION DE MERCADOS. UN ENFOQUE APLICADO;THOMAS C. KINNEAR;1993;658.403.4;H 51i;9091
INVESTIGACION DE OPERACIONES;RICHARD BRONSON;1983;658.403.4;B 869;1958
INVESTIGACION DE OPERACIONES;RICHARD BRONSON;1983;658.403.4;B 869;1959
INVESTIGACION DE OPERACIONES;HAMDY A. TAHA;1995;658.403.4;T 129;1778
INVESTIGACION DE OPERACIONES;HAMDY A. TAHA;1995;658.403.4;T 129;3362
INVESTIGACION DE OPERACIONES;HAMDY A. TAHA;1995;658.403.4;T 129;1781
INVESTIGACION INTEGRAL DE MERCADOS. UN ENFOQUE OPERATIVO;JOSE NICOLAS JANY;1994;658.83;J 33i;7962
ISO 14001 EMS. MANUAL DE SISTEMA DE GESTION MEDIOAMBIENTAL;HEWITT ROBERTS;1999;658.002.8;R 643;7763
ISO 14001 EMS. MANUAL DE SISTEMA DE GESTION MEDIOAMBIENTAL;HEWITT ROBERTS;1999;658.002.8;R 643;7764
ISO 9000 MANUAL DE SISTEMAS DE CALIDAD;DAVID HOYLE;1996;658.002;H 868;7761
ISO 9000 MANUAL DE SISTEMAS DE CALIDAD;DAVID HOYLE;1996;658.002;H 868;7762
JUICIO AL ADMINISTRADOR;OSCAR JOHANSEN;1989;658.408;J 65j;1215
LA ADMINISTRACION DEL SISTEMA EMPRESA;PABLO ILLANES FRONTAURA;1989;658.3;I 29s;623
LA ADMINISTRACION DEL SISTEMA EMPRESA;PABLO ILLANES FRONTAURA;1991;658.3;I 29s;628
LA ADMINISTRACION DEL SISTEMA EMPRESA;PABLO ILLANES FRONTAURA;1991;658.3;I 29s;629
LA ADMINISTRACION DEL SISTEMA EMPRESA;PABLO ILLANES FRONTAURA;1991;658.3;I 29s;630
LA ADMINISTRACION DEL SISTEMA EMPRESA;PABLO ILLANES FRONTAURA;1991;658.3;I 29s;632
LA ADMINISTRACION FINANCIERA DEL CAPITAL DE TRABAJO;JOAQUIN MORENO FERNANDEZ;2009;658.15;M 843a;14236
LA CONDUCTA DEL EJECUTIVO;OSCAR JOHANSEN;1986;658.407;J 65;1213
LA CONTABILIDAD EN LA ADMINISTRACION DE EMPRESAS;ROBERT N. ANTHONY;1964;658.3;A 628;490
LA CONTABILIDAD EN LA ADMINISTRACION DE EMPRESAS;ROBERT N. ANTHONY;1964;658.3;A 628;492
LA CONTABILIDAD EN LA ADMINISTRACION DE EMPRESAS;ROBERT N. ANTHONY;1996;658.3;A 628;5269
LA CONTABILIDAD EN LA ADMINISTRACION DE EMPRESAS;ROBERT N. ANTHONY;1996;658.3;A 628;5270
LA CONTABILIDAD EN LA ADMINISTRACION DE EMPRESAS;ROBERT N. ANTHONY;1996;658.3;A 628;5271
LA INVESTIGACION DE MERCADOS. ENTORNO DE MARKETING;WILLIAM R. DILLON;1997;658.3;D 579i;280
LA INVESTIGACION DE MERCADOS. ENTORNO DE MARKETING;WILLIAM R. DILLON;1997;658.3;D 579i;281
LA INVESTIGACION DE MERCADOS. ENTORNO DE MARKETING;WILLIAM R. DILLON;1997;658.3;D 579i;692
LA MARCA CAPITAL DE LA EMPRESA. PRINCIPIOS Y CONTROL DE SU GESTION;JEAN NOEL KAPFERER;1992;658.82;K 17m;7942
LA NUEVA COMPETENCIA;PHILIP KOTLER;1987;658.8;K 848n;9116
LA QUINTA DISCIPLINA;PETER M. SENGE;1990;658.87;S 476q;10028
LA RED DE VENTAS;IVES FOURNIS;2000;658.810;F 778r;7965
LA SEGURIDAD INDUSTRIAL SU ADMINISTRACION;GRIMALDI -SIMONDS;1996;658.38;G861;1514
LA SEGURIDAD INDUSTRIAL SU ADMINISTRACION;GRIMALDI -SIMONDS;1996;658.38;G861;1515
LA VENTA CON PNL;JOSEPH O'CONNOR;1995;658.810;O 15v;7966
LAS MODAS EN ADMINISTRACION;OSCAR JOHANSEN;2000;658.15;J 65m;9387
LAS ORGANIZACIONES EN EL SIGLO XXI. APUNTES DE ADM. GENERAL;ALMA ROSA MACHUCA MAZA;2009;658.1;M 151o;14267
LAS ORGANIZACIONES EN EL SIGLO XXI. APUNTES DE ADM. GENERAL;ALMA ROSA MACHUCA MAZA;2009;658.1;M 151o;14294
LAS RELACIONES PUBLICAS EN CHILE;BARBARA DELANO;1989;659.2;D 337;1212
LAS VENTAJAS COMPARATIVAS DE CONVERSAR SOBRE LO OBVIO;OSCAR JOHANSEN;2001;658.408;J 65r;9358
LOGISTICA EMPRESARIAL. CONTROL Y PLANIFICACION;RONALD H. BALLOU;1991;658.835;B 193;3365
LOGISTICA. ASPECTOS ESTRATEGICOS;MARTIN CHRISTOPHER;2011;658.5;L 556;14228
LOS NEGOCIOS EN LA ERA DIGITAL;BILL GATES;199;658.835;G 259;7645
LOS RECURSOS DE INFORMACION. VENTAJA COMPETITIVA DE LAS EMPRESAS;ALFONS CORNELLA;1994;658.002;C 814r;10769
MANUAL DE ADMINISTRACION HOTELERA;SECRETARIA TURISMO;1990;658.837;TURISMO;16666
MANUAL DE CONTROL DE CALIDAD VOL. 1;J. M. JURAN;1993;658.562;J 96;1094
MANUAL DE CONTROL DE CALIDAD VOL. 1;J. M. JURAN;1993;658.562;J 96;1096
MANUAL DE CONTROL DE CALIDAD VOL. 2;J. M. JURAN;1993;658.562;J 96;1095
MANUAL DE CONTROL DE CALIDAD VOL. 2;J. M. JURAN;1993;658.562;J 96;1097
MANUAL DE DISEÑO LOGICO DE SISTEMAS DE INFORMACION ADMINISTRATIVOS;OSCAR BARROS V.;1987;658.403.88;B 277mdl;675
MANUAL DE DISEÑO LOGICO DE SISTEMAS DE INFORMACION ADMINISTRATIVOS;OSCAR BARROS V.;1987;658.403.88;B 277mdl;676
MANUAL DE DISEÑO LOGICO DE SISTEMAS DE INFORMACION ADMINISTRATIVOS;OSCAR BARROS V.;1987;658.403.88;B 277mdl;677
MANUAL DE DISEÑO LOGICO DE SISTEMAS DE INFORMACION ADMINISTRATIVOS;OSCAR BARROS V.;1987;658.403.88;B 277mdl;678
MANUAL DE DISEÑO LOGICO DE SISTEMAS DE INFORMACION ADMINISTRATIVOS;OSCAR BARROS V.;1987;658.403.88;B 277mdl;679
MANUAL DE DISEÑO LOGICO DE SISTEMAS DE INFORMACION ADMINISTRATIVOS;OSCAR BARROS V.;1987;658.403.88;B 277mdl;680
MANUAL DE ISO 9000;ROBERT W. PEACH;1999;658.002.8;P 349m;9898
MANUAL DE PRESUPUESTOS;PATRICIO JIMENEZ BERMEJO;1997;658.405;J 61m;10770
MANUAL DE PROYECTOS DE DESARROLLO ECONOMICO;CEPAL/ATT;1958;658.404;N 124;2393
MANUAL DE PROYECTOS DE DESARROLLO ECONOMICO;CEPAL/ATT;1958;658.404;N 124;2394
MARKETING ;E. JEROME MCCARTHY;1997;658.82;M 486m;7871
MARKETING ESTRATEGICO;JEAN JACQUES LAMBIN;1995;658.85;J 19m;7900
MARKETING ESTRATEGICO;JEAN JACQUES LAMBIN;1995;658.85;J 19m;9930
MARKETING INTERNACIONAL;PHILIP R. CATEORA;1995;658.82;C 359m;7876
MARKETING INTERNACIONAL;JOSEP A. VALDES;2000;658.83;V 145m;10768
MARKETING Y CALIDAD TOTAL;MIGUEL MAZARRASA;2000;658.82;M 475m;7870
MARKETING. CONCEPTOS Y ESTRATEGIAS;WILLIAM M. PRIDE;1997;658.8;P 947;3997
MARKETING. CONCEPTOS Y ESTRATEGIAS;WILLIAM M. PRIDE;1997;658.8;P 947;3998
MARKETING. UN ENFOQUE GLOBAL;E. JEROME MCCARTHY;2001;658.82;M 121m;9900
MERCADOTECNIA AL DESCUBIERTO ;WILLEM BURGERS;2009;658.8;B 954m;14248
MERCADOTECNIA AL DESCUBIERTO ;WILLEM BURGERS;2009;658.8;B 954m;14249
MERCADOTECNIA SOCIAL;PHILIP KOTLER;1992;658.8;K 87m;9061
MERCHANDISING. TEORIA Y PRACTICA;ENRIQUE CARLOS DIEZ DE CASTRO;2006;658.82;D 568mer;14318
METODOLOGIA. GUIA PARA ELABORAR DISEÑOS DE INV. EN CS. ECONOMICAS, CONTABLES ADMINIOSTRATIVAS;CARLOS E. MENDEZ A.;1988;658;M 538;2534
METODOLOGIA. GUIA PARA ELABORAR DISEÑOS DE INV. EN CS. ECONOMICAS, CONTABLES ADMINIOSTRATIVAS;CARLOS E. MENDEZ A.;1988;658;M 538;7211
METODOS Y TECNICAS DE INVESTIGACION PROSPECTIVA PARA LA TOMA DE DECISIONES;HERNAN ACUÑA;1990;658.403;A 189;3050
NOCIONES ELEMENTALES DE ADMINISTRACION;OSCAR JOHANSEN;1994;658;J 65;458
NOCIONES ELEMENTALES DE ADMINISTRACION;OSCAR JOHANSEN;1994;658;J 65;459
NOCIONES ELEMENTALES DE ADMINISTRACION;OSCAR JOHANSEN;1994;658;J 65;460
NOCIONES ELEMENTALES DE ADMINISTRACION;OSCAR JOHANSEN;1998;658;J 65;7690
NOCIONES ELEMENTALES DE ADMINISTRACION;OSCAR JOHANSEN;1998;658;J 65;7691
ORGANIZACIÓN DE EMPRESAS. ANALISIS, DISEÑO Y ESTRUCTURA;ENRIQUE BENJAMIN FRANKLIN;1998;658.2;F 831o;9888
ORGANIZACIONES. ESTRUCTURA Y PROCESOS;RICHARD H. HALL;1983;658.1;H 178;1602
ORGANIZACIONES. ESTRUCTURA Y PROCESOS;RICHARD H. HALL;1983;658.1;H 178;1603
ORGANIZACIONES. ESTRUCTURA Y PROCESOS;RICHARD H. HALL;1983;658.1;H 178;1720
PLANIFICACION DE LA EMPRESA DEL FUTURO;RISSELL L. ACKOFF;1986;658.151;A 183;2125
PLANIFICACION Y CONTROL DE PROYECTOS ;ALFREDO SERPELL;2001;658.404;S481p;16671
PRACTICAS MODERNAS EN EVALUACION ECONOMICA DE PROYECTOS;JOAQUIN MORALES FRIAS;1996;658.404;M 828;8855
PRACTICAS MODERNAS EN EVALUACION ECONOMICA DE PROYECTOS;JOAQUIN MORALES FRIAS;1996;658.404;M 828;8478
PRACTICAS MODERNAS EN EVALUACION ECONOMICA DE PROYECTOS;JOAQUIN MORALES FRIAS;1996;658.404;M 828;8856
PREPARACION Y EVALUACION DE PROYECTOS;NASSIR SAPAG CHAIN;1989;658.404;S 241p;1948
PREPARACION Y EVALUACION DE PROYECTOS;NASSIR SAPAG CHAIN;1989;658.404;S 241p;1563
PREPARACION Y EVALUACION DE PROYECTOS;NASSIR SAPAG CHAIN;1995;658.404;S 241p;1944
PREPARACION Y PRESENTACION DE PROYECTOS DE INVERSION;ODEPLAN;1985;658.404;O 23;2421
PRINCIPIOS DE ADMINISTRACION;GEORGE R. TERRY;1987;658.4;T 329;1046
PRINCIPIOS DE ADMINISTRACION;GEORGE R. TERRY;1993;658.4;T 329;1048
PRINCIPIOS DE ADMINISTRACION;GEORGE R. TERRY;2001;658.4;T 329p;6156
PRINCIPIOS DE ADMINISTRACION;GEORGE R. TERRY;2001;658.4;T 329p;6712
PRINCIPIOS DE ADMINISTRACION;GEORGE R. TERRY;2001;658.4;T 329p;9819
PRINCIPIOS DE FINANZAS CORPORATIVAS;RICHARD A. BREALEY;1999;658.15;B 828p;9464
PRINCIPIOS DE FINANZAS CORPORATIVAS;RICHARD A. BREALEY;2006;658.15;B 828pf;14311
PRODUCTOS Y SERVICIOS FINANCIEROS Y DE SEGUROS;MARIA EUGENIA BAHILLO MARCOS;2009;658.15;B 151p;14268
PROMOCION. CONCEPTOS Y ESTRATEGIAS;JOHN J. BURNETT;1996;658.834;B 954m;10873
PROYECTOS DE INVERSION PARA LAS PYME. CREACION DE EMPRESAS;JUAN ANTONIO FLOREZ URIBE;2010;658.11;F 634p;14210
RECURSOS HUMANOS;SUSANA DELGADO GONZALEZ;2008;658.3;D 352rh;14242
RECURSOS HUMANOS;SUSANA DELGADO GONZALEZ;2008;658.3;D 352rh;14243
REDISEÑO DE PROCESOS DE MEGOCIOS MEDIANTE EL USO DE PATRONES;OSCAR BARROS V.;2000;658.835;B 277r;9487
REFLEXIONES SOBRE CONDUCTA EN ADMINISTRACION;OSCAR JOHANSEN;1987;658.408;J 65;1214
REINGENIERIA DE PROCESOS DE NEGOCIOS;HENRY J. JOHANSSON;1996;658.835;I 65;6439
REINGENIERIA DE PROCESOS DE NEGOCIOS;HENRY J. JOHANSSON;1996;658.835;I 65;6440
REINGENIERIA DE PROCESOS DE NEGOCIOS;HENRY J. JOHANSSON;1996;658.835;I 65;6441
REINGENIERIA DE PROCESOS DE NEGOCIOS;HENRY J. JOHANSSON;1996;658.835;I 65;6442
REINGENIERIA DE PROCESOS DE NEGOCIOS. UN PLANTEAMIENTO METODOLOGICO;OSCAR BARROS V.;1995;658.835;B 277;7486
RELACIONES PUBLICAS MODERNAS;JOHN E. MARSTON;1988;659.2;M 374;1228
RELACIONES PUBLICAS MODERNAS;JOHN E. MARSTON;1988;659.2;M 374;1229
RELACIONES PUBLICAS. ESTRATEGIAS Y TACTICAS;DENNIS L. WILCOX;2001;659.2;W 681r;9363
RELACIONES PUBLICAS. ESTRATEGIAS Y TACTICAS;DENNIS L. WILCOX;2001;659.2;W 681r;9486
SEGURIDAD EN CENTROS DE COMPUTO.POLITICAS Y PROCEDIMIENTOS;LEONARD H. FINE;1988;658.478;F 495;6579
SEGURIDAD EN CENTROS DE COMPUTO.POLITICAS Y PROCEDIMIENTOS;LEONARD H. FINE;1988;658.478;F 495;6580
SEGURIDAD EN CENTROS DE COMPUTO.POLITICAS Y PROCEDIMIENTOS;LEONARD H. FINE;1988;658.478;F 495;6581
SEGURIDAD EN CENTROS DE COMPUTO.POLITICAS Y PROCEDIMIENTOS;LEONARD H. FINE;1988;658.478;F 495;6582
SIMULACION DE EMPRESA EN DIRECCION ESTRATEGICA;ARTHUR A. THOMPSON;1997;658.5;T 473s;2010
SIMULACION DE EMPRESA EN DIRECCION ESTRATEGICA;ARTHUR A. THOMPSON;1997;658.5;T 473s;2074
SIMULACION DE EMPRESA EN DIRECCION ESTRATEGICA;ARTHUR A. THOMPSON;1997;658.5;T 473s;2075
SIMULACION DE EMPRESA EN DIRECCION ESTRATEGICA;ARTHUR A. THOMPSON;1997;658.5;T 473s;2183
SISTEMAS ADMINISTRATIVOS. ANALISIS Y DISEÑO;GUILLERMO GOMEZ CEJA;1997;658.3;G 633s;9445
SISTEMAS ADMINISTRATIVOS. ANALISIS Y DISEÑO;GUILLERMO GOMEZ CEJA;1997;658.3;G 633s;9446
SISTEMAS DE ADMINISTRACION DE BASES DE DATOS. FUNDAMENTOS Y APLICACIONES;VICTOR L. PEREZ;1986;658.403.88;P 438;3169
SISTEMAS DE ADMINISTRACION DE BASES DE DATOS. FUNDAMENTOS Y APLICACIONES;VICTOR L. PEREZ;1986;658.403.88;P 438;3170
SISTEMAS DE INFORMACION ADMINISTRATIVA;ROBERT G. MURDICK;1988;658.403.88;M 974s;9315
SISTEMAS DE INFORMACION ADMINISTRATIVA;ROBERT G. MURDICK;1988;658.403.88;M 974s;9316
SISTEMAS DE INFORMACION ADMINISTRATIVOS;OSCAR BARROS V.;1987;658.403.88;B 277;669
SISTEMAS DE INFORMACION ADMINISTRATIVOS;OSCAR BARROS V.;1987;658.403.88;B 277;670
SISTEMAS DE INFORMACION ADMINISTRATIVOS;OSCAR BARROS V.;1987;658.403.88;B 277;671
SISTEMAS DE INFORMACION ADMINISTRATIVOS;OSCAR BARROS V.;1987;658.403.88;B 277;674
SISTEMAS DE INFORMACION ADMINISTRATIVOS;OSCAR BARROS V.;1987;658.403.88;B 277;673
SISTEMAS DE INFORMACION ADMINISTRATIVOS;OSCAR BARROS V.;1987;658.403.88;B 277;672
TECNICAS DE ANALISIS FINANCIERO PARA LA INTERPRETACION DE BALANCES;PATRICIO JIMENEZ BERMEJO;1999;658.153;J 61t;9948
TECNOLOGIAS DE LA INFORMACION Y SU USO EN GESTION;OSCAR BARROS V.;1998;658.403.88;B 277t;7619
TEORIA DE ORGANIZACIÓN. UN ENFOQUE ESTRATEGICO;B. J. HODGE;2003;658;H 688t;14213
TEORIAS CONTEMPORANEAS DE LA ORGANIZACIÓN Y DEL MANAGEMENT;ALVARO ZAPATA DOMINGUEZ;2008;658;M 977t;14215
TEORIAS CONTEMPORANEAS DE LA ORGANIZACIÓN Y DEL MANAGEMENT;ALVARO ZAPATA DOMINGUEZ;2008;658;M 977t;14214
TEXTO ACTUALIZADO DEL D. L. Nº 3500, DE 1980; D.F.F. Nº 101 Y REGLAMENTO DE INVERSION DE LOS FONDOS DE PENSIONES EN EXTRANJERO;SUPERINTENDENCIA DE ADM. DE FONDOS DE PENSIONES;1995;658.325.3;S 959;2095
TOMA DE DECISIONES EN ADMINISTRACION;SPURR Y BONINI;1978;658.403;S772;16684
VENTA. PRINCIPIOS Y METODOS;CARLTON A. PEDERSON;1985;658.85;P 371;1997
VENTAS. CONCEPTOS, PLANIFICACION Y ESTRATEGIAS;WILLIAM J. STANTON;1997;658.810;S 792v;7956
PLANIFICACION Y CONTROL DE PROYECTOS ;ALFREDO SERPELL-LUIS ALARCON;2012;658.404;Se67;16765
PLANIFICACION Y CONTROL DE PROYECTOS ;ALFREDO SERPELL-LUIS ALARCON;2012;658.404;Se67;16766
PLANIFICACION Y CONTROL DE PROYECTOS ;ALFREDO SERPELL-LUIS ALARCON;2012;658.404;Se67;16767
