 SQL SERVER 7  MANUAL DE REFERENCIA;GAYLE  COFFMAN;1999;001.642.4;C 675;14681
1-2-3- MANUAL DE REFERENCIA; MARY CAMPBELL;1989;001.642.4;C 189;1116
1-2-3- VERSION 3.1.  MANUAL DE REFERENCIA; MARY CAMPBELL;1992;001.642.4;C 189;1118
1-2-3- VERSION 3.1.  MANUAL DE REFERENCIA; MARY CAMPBELL;1992;001.642.4;C 189;1117
68000  68010  68020 /ARQUITECTURA Y PRORAMACION ;KELLY BOOTLE STAN;1987;001;K 29;2104
80286 PROGRAMACION ENSAMBLADOR EN ENTORNO MS DOS;SCANLON LEO J.;1988;001;S 283;2105
A FONDO: SISTEMAS EXPERTOS;LOUIS FRENZEL  Jr;1987;001.535;F 879;8051
A FONDO: SISTEMAS EXPERTOS;LOUIS FRENZEL  Jr;1987;001.535;F 879;8052
ALGORITMOS EN C++;ROBERT SEDGEWICK;1995;001.6;S 448;5284
ALGORITMOS EN C++;ROBERT SEDGEWICK;1995;001.6;S 448;3259
ALGORITMOS EN C++;ROBERT SEDGEWICK;1995;001.6;S 448;3261
ALGORITMOS EN C++;ROBERT SEDGEWICK;1995;001.6;S 448;5042
ALGORITMOS EN C++;ROBERT SEDGEWICK;1995;001.6;S 448;3262
ALGORITMOS EN C++;ROBERT SEDGEWICK;1995;001.6;S 448;3205
ALGORITMOS EN C++;ROBERT SEDGEWICK;1995;001.6;S 448;3206
ALGORITMOS EN C++;ROBERT SEDGEWICK;1995;001.6;S 448;7187
ALGORITMOS FUNDAMENTALES;D.E. KNUTH;1980;001.642.4;k74;2001
ALGORITMOS Y ESTRUCTURAS DE DATOS;N WIRTH;1994;001.6;W 799;1399
ALGORITMOS Y ESTRUCTURAS DE DATOS;N WIRTH;1994;001.6;W 799;1402
ALGORITMOS Y ESTRUCTURAS DE DATOS;N WIRTH;1994;001.6;W 799;1403
ANALISIS ESTRUCTURAL;JUAN MANUEL ALFARO;2004;001.61;AL 385;14333
ANALISIS Y  DISEÑO DE SISTEMAS DE INFORMACION;A. SEEN;1996;001.61;S 478;14674
ANALISIS Y DISEÑO DE  SISTEMAS DE INFORMACION;JAMES A. SEEN;1987;025.04;S 478;1327
ANALISIS Y DISEÑO DE ALGORITMOS;GUSTAVO LOPEZ;2009;005.1;L 864 a;14223
ANALISIS Y DISEÑOS DE SISTEMAS;K. KENDALL;1997;001.61;K33;5091
ANALISIS Y DISEÑOS DE SISTEMAS;K. KENDALL;1997;001.61;K33;7102
APLICACIONES 1-2-3-;ROBERT FLAST;1987;001.642.5;F 586;14703
APLICACIONES DE LA COMPUTADORA A LOS SISTEMAS ADMINIST.;FORKNER IRVINE;1984;001;F 721;8043
APLIQUE EL D BASE III;EDWARD JONES;1988;001.642.4;J 77;2009
APLIQUE EL DBASE III PLUS;EDWARDS  JONES;1992;001.642.4;J 77 a;1124
APLIQUE EL DBASE III PLUS;EDWARDS  JONES;1992;001.642.4;J 77 a;1123
APLIQUE EXCEL EN PC;EDWARD JONES;1998;001.642.5;J 76;2821
APLIQUE EXCEL EN PC;EDWARD JONES;1992;001.642.5;J 76;14704
APLIQUE FOXPRO;LES PINTER;1992;001.642.4;P 659;703
APLIQUE FOXPRO;LES PINTER;1992;001.642.4;P 659;704
APLIQUE SQL ;JAMES R. GROFF;1990;001.642.4;G 874;2072
APLIQUE TURBO C++;HERBERT SCHILDT;1992;001.642.4;S 334;2084
APLIQUE TURBO C++ PARA WINDOWS;HERBERT SCHILDT;1992;001.642.4;S 334 a;8088
APLIQUE TURBO C++ PARA WINDOWS;HERBERT SCHILDT;1992;001.642.4;S 334 a;8096
APLIQUE TURBO PROLOG;PHILLIP ROBINSON;1990;001.642.4;R 664;2088
APRENDA PRACTICANDO -INTRODUCCION A LA PROGRAMACION;FELIPE RAMIREZ;2007;005;R 173 i;14321
APRENDAMOS COMPUTACION, PRINCIPIOS Y APLICACIONES;ROBERTS & SCHWARTZMANN;1996;001;R 643 a;8681
APRENDAMOS COMPUTACION, PRINCIPIOS Y APLICACIONES;ROBERTS & SCHWARTZMANN;1996;001;R 643 a;8379
APRENDIENDO VISUAL BASIC 6  -KIT DEL PRINCIPIANTE;GREG PERRY;1999;001.642.5;P 463;8042
APRENDIENDO VISUAL BASIC 6  -KIT DEL PRINCIPIANTE;GREG PERRY;1999;001.642.5;P 463;8123
APRENDIENDO VISUAL BASIC 6  -KIT DEL PRINCIPIANTE;GREG PERRY;1999;001.642.5;P 463;8124
ARQUITECTURA DE COMPUTADORAS;M.  MORRIS  MANO;1987;001;M 286;2830
ARQUITECTURA DE COMPUTADORAS;M.  MORRIS  MANO;1993;001;M 286;1601
ARQUITECTURA DE COMPUTADORAS;M.  MORRIS  MANO;1993;001;M 286;4021
ARQUITECTURA DE COMPUTADORAS;M.  MORRIS  MANO;1993;001;M 286;4025
ARQUITECTURA DE COMPUTADORAS;M.  MORRIS  MANO;1993;001;M 286;4044
ARQUITECTURA DE COMPUTADORAS;M.  MORRIS  MANO;1993;001;M 286;4040
ARQUITECTURA DE COMPUTADORAS;M.  MORRIS  MANO;1993;001;M 286;4045
ARQUITECTURA DE COMPUTADORAS;M.  MORRIS  MANO;1993;001;M 286;4065
ARQUITECTURA DE COMPUTADORAS;M.  MORRIS  MANO;1993;001;M 286;4022
ARQUITECTURA DE COMPUTADORAS;BEHROOZ PARHAMI;2007;001;P 229 a;14336
ARQUITECTURA DE COMPUTADORES;J. HENNESSY;1993;001;H 515;4113
ARQUITECTURA DE COMPUTADORES;J. HENNESSY;1993;001;H 515;4114
ARQUITECTURA DE COMPUTADORES;J. HENNESSY;1993;001;H 515;4110
ARQUITECTURA DE COMPUTADORES;J. HENNESSY;1993;001;H 515;5208
ARQUITECTURA DE COMPUTADORES;J. HENNESSY;1993;001;H 515;6783
BASIC;ALLEN BRADY;1982;001.642.4;B 812;14679
BASIC;ALLEN BRADY;1982;001.642.4;B 812;14678
C ++ INICIACION Y REFERENCIA;LUIS JOYANES AGUILAR;2000;001.6;J 88 i;9301
C ++ INICIACION Y REFERENCIA;LUIS JOYANES AGUILAR;2000;001.6;J 88 i;9302
C ++ INICIACION Y REFERENCIA;LUIS JOYANES AGUILAR;2000;001.6;J 88 i;9304
C ++ INICIACION Y REFERENCIA;LUIS JOYANES AGUILAR;2000;001.6;J 88 i;9303
C++  GUIA DE AUTOENSEÑANZA;HERBERT  SCHILDT;1999;001.6;S 334 c ;9289
C++  GUIA DE AUTOENSEÑANZA;HERBERT  SCHILDT;1999;001.6;S 334 c ;9290
C++  GUIA DE AUTOENSEÑANZA;HERBERT  SCHILDT;1999;001.6;S 334 c ;9291
C++  GUIA DE AUTOENSEÑANZA;HERBERT  SCHILDT;1999;001.6;S 334 c ;9288
C++  GUIA DE AUTOENSEÑANZA;HERBERT  SCHILDT;1999;001.6;S 334 c ;9292
CD ROM      El nuevo papiro;GATES, WILLIAMS;1987;001;G 259;2929
CIBERESTRATEGIA;PAULINA BICHORTON;2000;005.4;B 583c;9939
CIRCUITOS DIGITALES Y MICROPROCESADORES;HERBERT TAUB;1983;001;T 222;2820
CLIPPER 5.2 AVANZADO;JOSE A. RAMALHO;1994;001.642.4;R 165;14700
COBOL ESTRUCTURADO;ANDREAS  PHILIPPAKIS;1994;001.642.4;P 551;1410
COBOL ESTRUCTURADO;ANDREAS  PHILIPPAKIS;1994;001.642.4;P 551;1411
COMO PROGRAMAR EN  C/C ++;H. DEITEL;1999;001.6;D 325;8220
COMO PROGRAMAR EN  C/C ++;H. DEITEL;1999;001.6;D 325;8247
COMO PROGRAMAR EN  C/C ++;H. DEITEL;1999;001.6;D 325;8248
COMO PROGRAMAR EN  C/C ++;H. DEITEL;1999;001.6;D 325;8249
COMO PROGRAMAR EN  C/C ++;H. DEITEL;1999;001.6;D 325;8250
COMPILADORES PRINCIPIOS, TECNICAS Y HARRAMIENTAS;ALFRED V. AHO;1986;001.644.04;A 286;5036
COMPILADORES PRINCIPIOS, TECNICAS Y HARRAMIENTAS;ALFRED V. AHO;1986;001.644.04;A 286;5283
COMPILADORES PRINCIPIOS, TECNICAS Y HARRAMIENTAS;ALFRED V. AHO;1986;001.644.04;A 286;6237
COMPILADORES PRINCIPIOS, TECNICAS Y HARRAMIENTAS;ALFRED V. AHO;1986;001.644.04;A 286;6238
COMPILADORES PRINCIPIOS, TECNICAS Y HARRAMIENTAS;ALFRED V. AHO;1986;001.644.04;A 286;8125
COMPUTACION, PRINCIPIOS Y APLICACIONES;ROBERTS & SCHWARTZMANN;1986;001;R 643;2802
COMPUTACION, PRINCIPIOS Y APLICACIONES;ROBERTS & SCHWARTZMANN;1986;001;R 643;2803
COMUNICACIONES EN UNIX;JEAN-MARIE RIFFLET;1992;001.642.5;R 565;2087
COMUNICACIONES Y REDES DE PROCESAMIENTO DE DATOS;NESTOR GONZALEZ;1987;001.644.04;G 643;1247
COMUNICACIONES Y REDES DE PROCESAMIENTO DE DATOS;NESTOR GONZALEZ;1987;001.644.04;G 643;1246
COMUNICACIONES Y REDES DE PROCESAMIENTO DE DATOS;NESTOR GONZALEZ;1987;001.644.04;G 643;1248
CONCEPCION Y DISEÑO DE BASES DE DATOS;M CASTAÑO;1993;001.61;m 636;5092
CONCEPCION Y DISEÑO DE BASES DE DATOS;M CASTAÑO;1993;001.61;m 636;5282
CONSTRUCCION DE SOFWARE ORIENTADO A OBJETOS ;BERTRAND MEYER;1999;005.3;M 613;8223
CONSTRUCCION DE SOFWARE ORIENTADO A OBJETOS ;BERTRAND MEYER;1999;005.3;M 613;8274
CURSO DE PROGRAMACION;JORGE CASTRO ;1993;001.642.4;C 355;5228
CURSO DE PROGRAMACION;JORGE CASTRO ;1993;001.642.4;C 355;5229
CURSO DE PROGRAMACION;JORGE CASTRO ;1993;001.642.4;C 355;5194
CURSO RAPIDO DE MICROSOFT  POWER POINT 2000;MICROSOFT PRESS;2000;001.6;M 619 ;4184
CURSO RAPIDO DE MICROSOFT WORD 2000;MICROSOFT PRESS;2000;001.6;M 619 cur;4185
CURSO RAPIDO EXCEL 2000;JOYCE COX;1999;001.61;M 619 c;4187
d BASE III PLUS MANUAL  DE REFERENCIA;JOSEPH- DAVIS CARRABIS;1992;001.642.4;C 313;14680
DESARROLLO DE ALGORITMOS Y SUS APLICACIONES;G CORREA;1997;001.6;C 824;6535
DESARROLLO DE ALGORITMOS Y SUS APLICACIONES;G CORREA;1997;001.6;C 824;6533
DESARROLLO DE ALGORITMOS Y SUS APLICACIONES;G CORREA;1997;001.6;C 824;6536
DESARROLLO DE ALGORITMOS Y SUS APLICACIONES;G CORREA;1997;001.6;C 824;6532
DESARROLLO DE ALGORITMOS Y SUS APLICACIONES;CORREA URIBE GUILLERMO;1997;001.6;C 824;6534
DESARROLLO DE SISTEMAS DE INFORMACION;JUAN BRAVO;1988;025.06;B 826;14719
DHTML DINAMICO;GULBRANSEN DAVID;1998;001.2;G 971 d;10892
DIAGRAMAS DE FLUJO;MARIO V. FARINA;1996;001.61;F 225;6602
DIAGRAMAS DE FLUJO;MARIO V. FARINA;1996;001.61;F 225;6603
DIAGRAMAS DE FLUJO;MARIO V. FARINA;1996;001.61;F 225;6605
DIAGRAMAS DE FLUJO;MARIO V. FARINA;1996;001.61;F 225;6606
DIAGRAMAS DE FLUJO;MARIO V. FARINA;1996;001.61;F 225;6604
DIAGRAMAS DE FLUJO - MANUAL DE LÓGICA PARA COMPUTADORES;NANCY B. STERN;1984;001.61;S 839;2797
DISEÑO DE BASE DE DATOS ;GIO WIEDERHOLD;1988;025.06;W 643;14721
DISEÑO DE PROGRAMAS;R PEÑA;1998;001.6;P419;8270
DISEÑO DE PROGRAMAS;R PEÑA;1998;001.6;P419;8268
DISEÑO DE PROGRAMAS;R PEÑA;1998;001.6;P419;8215
DISEÑO DE PROGRAMAS;R PEÑA;1998;001.6;P419;8269
DISEÑO DE PROGRAMAS;R PEÑA;1998;001.6;P419;8271
DISEÑO DIGITAL  PRINCIPIOS Y PRACTICAS;JOHN F. WAKERLY ;2001;001;W 146 d;6191
DISEÑO DIGITAL  PRINCIPIOS Y PRACTICAS;JOHN F. WAKERLY ;2001;001;W 146 d;6322
DISEÑO DIGITAL  PRINCIPIOS Y PRACTICAS;JOHN F. WAKERLY ;2001;001;W 146 d;6287
DISEÑO DIGITAL  PRINCIPIOS Y PRACTICAS;JOHN F. WAKERLY ;2001;001;W 146 d;6689
DISEÑO DIGITAL  PRINCIPIOS Y PRACTICAS;JOHN F. WAKERLY ;2001;001;W 146 d;5942
DISEÑO DIGITAL  PRINCIPIOS Y PRACTICAS;JOHN F. WAKERLY ;2001;001;W 146 d;6323
DISEÑO DIGITAL  PRINCIPIOS Y PRACTICAS;JOHN F. WAKERLY ;2001;001;W 146 d;5943
DISEÑO DIGITAL  PRINCIPIOS Y PRACTICAS;JOHN F. WAKERLY ;2001;001;W 146 d;6286
DISEÑO Y ADMINISTRACION DE BASES DE DATOS;G HANSEN;1997;001.61;H 24;8213
DISEÑO Y ADMINISTRACION DE BASES DE DATOS;G HANSEN;1997;001.61;H 24;8338
DISEÑO Y ADMINISTRACION DE BASES DE DATOS;G HANSEN;1997;001.61;H 24;8339
DISEÑO Y ADMINISTRACION DE BASES DE DATOS;G HANSEN;1997;001.61;H 24;8341
DISEÑO Y ADMINISTRACION DE BASES DE DATOS;G HANSEN;1997;001.61;H 24;8342
DISEÑO Y ADMINISTRACION DE BASES DE DATOS;G HANSEN;1997;001.61;H 24;8345
DISEÑO Y ADMINISTRACION DE BASES DE DATOS;G HANSEN;1997;001.61;H 24;8343
DISEÑO Y ADMINISTRACION DE BASES DE DATOS;G HANSEN;1997;001.61;H 24;8344
DISEÑO Y ADMINISTRACION DE BASES DE DATOS;G HANSEN;1997;001.61;H 24;8346
EL ARTE DE PROGRAMAR ORDENADORES;D.E. KNUTH;1987;001.642.4;K 74 a;2002
EL ENFOQUE DE SISTEMAS;V GEREZ;1976;001.61;G 367;2861
EL GRAN LIBRO DE MULTIMEDIA;FRATER HARALD;1995;001;F 844;6423
EL GRAN LIBRO DE MULTIMEDIA;FRATER HARALD;1995;001;F 844;6423
EL GRAN LIBRO DE MULTIMEDIA;FRATER HARALD;1995;001;F 844;6424
EL GRAN LIBRO DE MULTIMEDIA;FRATER HARALD;1995;001;F 844;6425
EL ORDENADOR EN EL AULA;EGIDIO PENTIRARO;1984;001;P 419;2796
EL PARADIGMA;JULIE BICK;2001;001.4;J 583 p;504
ENCICLOPEDIA DE INFORMATICA Y COMPUTACION / HARDWARE;LOPEZ ANTONIO ;1997;001;L 864 h;7277
ENCICLOPEDIA DE INFORMATICA Y COMPUTACION / HARDWARE;LOPEZ ANTONIO ;1997;001;L 864 h;7276
ENCICLOPEDIA DE INFORMATICA Y COMPUTACION / MULTIMEDIA ;LOPEZ ANTONIO ;1997;001;L 864 m;7268
ENCICLOPEDIA DE INFORMATICA Y COMPUTACION / MULTIMEDIA ;LOPEZ ANTONIO ;1997;001;L 864 m;7269
ENCICLOPEDIA DE INFORMATICA Y COMPUTACION / OFIMATICA;LOPEZ ANTONIO ;1997;001;L 864 o;7279
ENCICLOPEDIA DE INFORMATICA Y COMPUTACION / OFIMATICA;LOPEZ ANTONIO ;1997;001;L 864 o;5255
ENCICLOPEDIA DE INFORMATICA Y COMPUTACION / SOFTWARE;LOPEZ ANTONIO ;1997;001;L 864 s;5260
ENCICLOPEDIA DE INFORMATICA Y COMPUTACION / SOFTWARE;LOPEZ ANTONIO ;1997;001;L 864 s;7273
ENCICLOPEDIA DE INFORMATICA Y COMPUTACION /DEONTOLOGIA INFORMATICA;LOPEZ ANTONIO ;1997;001;L 864 d;5259
ENCICLOPEDIA DE INFORMATICA Y COMPUTACION /DEONTOLOGIA INFORMATICA;LOPEZ ANTONIO ;1997;001;L 864 d;7267
ENCICLOPEDIA DE INFORMATICA Y COMPUTACION-TELEINFORMATICA;LOPEZ ANTONIO;1997;001;L 864;7275
ENCICLOPEDIA DE INFORMATICA Y COMPUTACION-TELEINFORMATICA;LOPEZ ANTONIO;1997;001;L 864;5254
ENCICLOPEDIA PRACTICA DE LA INFORMATICA APLICADA;ALFONSECA MANUEL;1986;001535;A 388;2791
ENCICLOPEDIA PRACTICA DE LA INFORMATICA APLICADA;ALFONSECA MANUEL;1986;001535;A 388;2792
ENCLOP. DE INF. Y COMP/INGENIERIA DEL SOFTWARE E INTELIGENCIA ARTIFICIAL;LOPEZ ANTONIO ;1997;001;L 864 i;7271
ENCLOP. DE INF. Y COMP/INGENIERIA DEL SOFTWARE E INTELIGENCIA ARTIFICIAL;LOPEZ ANTONIO ;1997;001;L 864i;5257
ESTRUCTURA   DE DATOS EN PASCAL;AARON TENENBAUM;1983;001.6;T 297;14670
ESTRUCTURA   DE DATOS EN PASCAL;AARON TENENBAUM;1983;001.6;T 297;14673
ESTRUCTURA  DE DATOS -LIBRO DE PROBLEMAS;LUIS JOYANES AGUILAR;1999;001.6;J 88 e;9318
ESTRUCTURA  DE DATOS -LIBRO DE PROBLEMAS;LUIS JOYANES AGUILAR;1999;001.6;J 88 e;9319
ESTRUCTURA  DE DATOS -LIBRO DE PROBLEMAS;LUIS JOYANES AGUILAR;1999;001.6;J 88 e;144669
ESTRUCTURA DE DATOS PASCAL;AARON TENENBAUM;1983;001.642.4;T 292;1001
ESTRUCTURA DE DATOS PASCAL;AARON TENENBAUM;1983;001.642.4;T 292;1002
ESTRUCTURA DE DATOS PASCAL;AARON TENENBAUM;1983;001.642.4;T 292;1003
ESTRUCTURA DE DATOS PASCAL;AARON TENENBAUM;1983;001.642.4;T 292;1004
ESTRUCTURA DE DATOS PASCAL;AARON TENENBAUM;1983;001.642.4;T 292;1005
ESTRUCTURA DE DATOS PASCAL;AARON TENENBAUM;1983;001.642.4;T 292;1600
ESTRUCTURA DE DATOS Y DISEÑO DE PROGRAMAS;ROBERT L. KRUSE;1988;001.6;K 94;701
ESTRUCTURA DE DATOS Y DISEÑO DE PROGRAMAS;ROBERT L. KRUSE;1988;001.6;K 94;697
ESTRUCTURA DE DATOS Y DISEÑO DE PROGRAMAS;ROBERT L. KRUSE;1988;001.6;K 94;702
ESTRUCTURA DE DATOS Y ORGANIZACIÓN DE ARCHIVOS;MARY E. S. LOOMIS;1994;001.6;L 845;1596
ESTRUCTURA DE DATOS Y ORGANIZACIÓN DE ARCHIVOS;MARY E. S. LOOMIS;1994;001.6;L 845;5034
ESTRUCTURA DE DATOS Y ORGANIZACIONES DE ARCHIVOS;VICTOR L. PEREZ;1992;001.6;P 438;14671
ESTRUCTURA DE DATOS Y ORGANIZACIONES DE ARCHIVOS;VICTOR L. PEREZ;1992;001.6;P 438;14672
ESTRUCTURA DE DATOS Y ORGANIZACIONES DE ARCHIVOS;VICTOR L. PEREZ;1992;001.6;P 415 e;5603
ESTRUCTURA DE DATOS Y ORGANIZACIONES DE ARCHIVOS;VICTOR L. PEREZ;1992;001.6;P 415 e;746
ESTRUCTURA DE DATOS Y ORGANIZACIONES DE ARCHIVOS;VICTOR L. PEREZ;1992;001.6;P 415 e;748
ESTRUCTURACION Y PROCESO DE DATOS;IVAN FLORES;1985;001.6;F 634;2789
ESTRUCTURAS DE DATOS ;O. CAIRO;1998;001.6;C 136;6452
ESTRUCTURAS DE DATOS ;O. CAIRO;1998;001.6;C 136;6455
ESTRUCTURAS DE DATOS ;O. CAIRO;1998;001.6;C 136;6453
ESTRUCTURAS DE DATOS ;O. CAIRO;1998;001.6;C 136;6454
ESTRUCTURAS DE DATOS ;O. CAIRO;2001;001.6;C 136 e;9440
ESTRUCTURAS DE DATOS ;O. CAIRO;2001;001.6;C 136 e;9442
ESTRUCTURAS DE DATOS ;O. CAIRO;2001;001.6;C 136 e;9443
ESTRUCTURAS DE DATOS Y ALGORITMOS;ALFRED AHO;1988;001.6;A 285;14668
ESTRUCTURAS DE DATOS Y ALGORITMOS;ALFRED AHO;1988;001.6;A 286;5089
ESTRUCTURAS DE DATOS Y ALGORITMOS;ALFRED AHO;1988;001.6;A 286;4020
ESTRUCTURAS DE DATOS Y ALGORITMOS;ALFRED AHO;1988;001.6;A 286;4005
ESTRUCTURAS DE DATOS Y ALGORITMOS;ALFRED AHO;1988;001.6;A 286;4019
ESTRUCTURAS DE DATOS Y ALGORITMOS;ALFRED AHO;1988;001.6;A 286;8127
ESTRUCTURAS DE DATOS Y ALGORITMOS;ALFRED AHO;1988;001.6;A 286;4018
ESTRUCTURAS DE DATOS Y ALGORITMOS;MARK ALLEN WEISS;1995;001.6;A 432 e;10651
ESTRUCTURAS DE DATOS Y ALGORITMOS;MARK ALLEN WEISS;1995;001.6;A432e;9753
ESTRUCTURAS DE MATEMATICAS DISCRETAS PARA LA COMPUT.;BERNARD KOLMAN;2000;001.64;K 81;2000
EXCEL  FOR MASTERS MACROS Y APLICACIONES VBA;CESAR OCEDA SAMANIEGO;2011;001.642.5;OC 15 e;14328
EXCEL 4 PARA WINDOS;STEPHEN L. NELSON;1993;001.642.5;N 431;1008
EXCEL 5.0 PARA WINDOWS ;MIGUEL RODRIGUEZ ALMEIDA;1994;001.642.5;R696;1009
EXCEL AVANZADO M<CROS Y PROGRAMACION VBA;HUGO RUIZ;2011;001.642.5;R 934;14331
EXCEL CONTABLE;CESAR OCEDA SAMANIEGO;2011;001.642.5;OC 15 e.c;14326
EXCEL CONTABLE;CESAR OCEDA SAMANIEGO;2011;001.642.5;OC 15 e.c;14325
EXCEL GESTION FINANCIERA;JOHNNY PACHECO;2011;001.642.5;P 116 e.g;14319
FORTRAN PARA LA INGENIERIA;WILLIAM  SCHICK;1974;001.642.4;S 331;2086
FUNDAMENTOS  DE INFORMATICA;ALLEN TUCKER;1994;001;T 891;5195
FUNDAMENTOS  DE INFORMATICA;ALLEN TUCKER;1994;001;T 891;5211
FUNDAMENTOS DE ALGORITMIA;G  BRASSARD;1997;001.6;B 823;8283
FUNDAMENTOS DE ALGORITMIA;G  BRASSARD;1997;001.6;B 823;8285
FUNDAMENTOS DE BASES DE DATOS ;A. SILBERSCHATZ;1999;001;S 582 f;9311
FUNDAMENTOS DE BASES DE DATOS ;A. SILBERSCHATZ;1999;001;S 582 f;9312
FUNDAMENTOS DE COMPILADORES;KAREN A. LEMONE;1996;001.645.05;L 556 f;10654
FUNDAMENTOS DE LOS MICROPROCESADORES;ROGER  L. TOKHEIM;1998;001;T 846;8937
FUNDAMENTOS DE SISTEMAS DIGITALES;T.L. FLOYD;1998;003;F 645;7139
FUNDAMENTOS DE SISTEMAS DIGITALES;T.L. FLOYD;1998;003;F 645;7140
FUNDAMENTOS FISICOS DE LA INFORMATICA Y LAS COMUNICACIONES;LUIS MONTOTO;2005;001;M 798 f;14337
GEOMETRIA DE TORTUGA;HAROLD ABELSON;1986;001.642.4;A 141;3547
GESTION DE PROYECTOS  CON PROJECT,EXCEL Y VISIO;LUIS ANGULO AGUIRRE;2010;001.6;AN 594 g.r;14320
GUIA DE TRABAJO EN RED CON WINDOWS 98;BRADLEY F. SHIMMIN;1999;001.644.04;S 556;14707
GUIA DEL PROGRAMADOR PARA EL IBM PC;PETER NORTON;1987;001.642.5;N 886;3713
HACKERS ;STUART Mc CLURE;2000;005.8;M 132 h;9155
INFORMATICA PRESENTE Y FUTURO;DONALD H. SANDERS;1986;001;S 215;1313
INFORMATICA PRESENTE Y FUTURO;DONALD H. SANDERS;1986;001;S 215;1314
INFORMATICA PRESENTE Y FUTURO;DONALD H. SANDERS;1986;001;S 215;1313
INFORMATICA PRESENTE Y FUTURO;DONALD H. SANDERS;1990;001;S 215 i;4115
INFORMATICA PRESENTE Y FUTURO;DONALD H. SANDERS;1990;001;S 215 i;1316
INFORMATICA PRESENTE Y FUTURO;DONALD H. SANDERS;1990;001;S 215 i;1315
INFORMATICA PRESENTE Y FUTURO;DONALD H. SANDERS;1990;001;S 215 i;8567
INFORMATICA PRESENTE Y FUTURO;DONALD H. SANDERS;1990;001;S 215 i;4116
INGENIERIA DE SOFTWARE;IAN SOMMERVILLE;1988;001.642.5;S 696;14706
INGENIERIA DE SOFTWARE;GONZALO CUEVAS;1991;005.3;C 965;5041
INGENIERIA DE SOFTWARE;GONZALO CUEVAS;1991;005.3;C 965;5261
INGENIERIA DE SOFTWARE;GONZALO CUEVAS;1991;005.3;C 965;5262
INGENIERIA DE SOFTWARE;RICHARD FAIRLEY;1987;005.1;F 232;1152
INGENIERIA DE SOFTWARE;RICHARD FAIRLEY;1987;005.1;F 232;1153
INGENIERIA DE SOFTWARE;RICHARD FAIRLEY;1987;005.1;F 232;1154
INGENIERIA DE SOFTWARE ;IAN SOMMERVILLE;1988;005.3;S 697 i;1151
INGENIERIA DE SOFTWARE UN ENFOQUE PRACTICO 2ª EDICION;ROGER S. PRESSMAN;1990;005.3;P 935;429
INGENIERIA DE SOFTWARE UN ENFOQUE PRACTICO 3ª EDICION;ROGER S. PRESSMAN;1993;005.3;P 935;430
INGENIERIA DE SOFTWARE UN ENFOQUE PRACTICO 3ª EDICION;ROGER S. PRESSMAN;1993;005.3;P 935;431
INGENIERIA DE SOFTWARE UN ENFOQUE PRACTICO 3ª EDICION;ROGER S. PRESSMAN;1993;005.3;P 935;432
INGENIERIA DE SOFTWARE UN ENFOQUE PRACTICO 3ª EDICION;ROGER S. PRESSMAN;1993;005.3;P 935;433
INGENIERIA DE SOFTWARE UN ENFOQUE PRACTICO 4ª EDICION;ROGER S. PRESSMAN;1998;005.3;P 939 i;7004
INGENIERIA DE SOFTWARE UN ENFOQUE PRACTICO 4ª EDICION;ROGER S. PRESSMAN;1998;005.3;P 939 i;7005
INGENIERIA DE SOFTWARE UN ENFOQUE PRACTICO 4ª EDICION;ROGER S. PRESSMAN;1998;005.3;P 939 i;7006
INGENIERIA DE SOFTWARE UN ENFOQUE PRACTICO 4ª EDICION;ROGER S. PRESSMAN;1998;005.3;P 939 i;7007
INGENIERIA DE SOFTWARE UN ENFOQUE PRACTICO 4ª EDICION;ROGER S. PRESSMAN;1998;005.3;P 939 i;6043
INGENIERIA DE SOFTWARE UN ENFOQUE PRACTICO 4ª EDICION;ROGER S. PRESSMAN;1998;005.3;P 939 i;4183
INGENIERIA DE SOFTWARE UN ENFOQUE PRACTICO 4ª EDICION;ROGER S. PRESSMAN;1998;005.3;P 939 i;4182
INTELIGENCIA ARTIFICIAL;J.P. AUBERT;1986;001.535;A 889;2795
INTELIGENCIA ARTIFICIAL;ELAINE RICH-KEVIN KNIGHT;1994;001.535;R 498;1088
INTELIGENCIA ARTIFICIAL;ELAINE RICH-KEVIN KNIGHT;1994;001.535;R 498;8566
INTELIGENCIA ARTIFICIAL;ELAINE RICH-KEVIN KNIGHT;1994;001.535;R 498;9624
INTELIGENCIA ARTIFICIAL;Y. SHIRAI y J.TSUJII;1987;001.535;S 558;2790
INTELIGENCIA ARTIFICIAL;PATRICK HENRY WINSTON;1994;001.535;W 783 i;6870
INTELIGENCIA ARTIFICIAL;PATRICK HENRY WINSTON;1994;001.535;W 783 i;6871
INTELIGENCIA ARTIFICIAL-UN ENFOQUE MODERNO;STUART RUSSELL-P. NORVIG;2004;001.535;R 961 i;14226
INTELIGENCIA ARTIFICIAL-UN ENFOQUE MODERNO;STUART RUSSELL-P. NORVIG;1996;001.535;R 967;8235
INTRODUCCION A LA GRAFICACION POR COMPUTADOR;J.D. FOLEY;1996;001;F 663;8217
INTRODUCCION A LA GRAFICACION POR COMPUTADOR;J.D. FOLEY;1996;001;F 663;8259
INTRODUCCION A LA GRAFICACION POR COMPUTADOR;J.D. FOLEY;1996;001;F 663;8258
INTRODUCCION A LA INVESTIGACION DE OPERACIONES ; FREDERICK  S. HILLIER;1997;001.424;H 654 i;9332
INTRODUCCION A LA INVESTIGACION DE OPERACIONES ; FREDERICK  S. HILLIER;1997;001.424;H 654 i;9130
INTRODUCCION A LA PROGRAMACION TURBO PASCAL;RICHARD W. FOLEY;1993;001.642.4;F 663;5234
INTRODUCCION A LA PROGRAMACION TURBO PASCAL;RICHARD W. FOLEY;1993;001.642.4;F 663;5232
INTRODUCCION A LA PROGRAMACION TURBO PASCAL;RICHARD W. FOLEY;1993;001.642.4;F 663;5233
INTRODUCCION A LA TEORIA DE AUTOMATAS LENGUAJES Y COMPT.;JOHN E. HOPCROFT;1998;001.642.4;H 791 i;6429
INTRODUCCION A LA TEORIA DE AUTOMATAS LENGUAJES Y COMPT.;JOHN E. HOPCROFT;1998;001.642.4;H 791 i;6430
INTRODUCCION A LA TEORIA DE AUTOMATAS LENGUAJES Y COMPT.;JOHN E. HOPCROFT;1998;001.642.4;H 791 i;6431
INTRODUCCION A LA TEORIA DE AUTOMATAS LENGUAJES Y COMPT.;JOHN E. HOPCROFT;1998;001.642.4;H 791 i;6432
INTRODUCCION A LAS CIENCIAS DE LA COMPUTACION;J GLEEN;1995;001;B 873 i;7439
INTRODUCCION A LAS COMPUTADORAS Y A LOS SIST DE INFORM.;LONG LARRY;1999;001;L 848;8256
INTRODUCCION A LAS COMPUTADORAS Y A LOS SIST DE INFORM.;LONG LARRY;1999;001;L 848;8224
INTRODUCCION A LAS COMPUTADORAS Y A LOS SIST DE INFORM.;LONG LARRY;1999;001;L 848;8251
INTRODUCCION A LAS COMPUTADORAS Y A LOS SIST DE INFORM.;LONG LARRY;1999;001;L 848;8254
INTRODUCCION A LAS COMPUTADORAS Y A LOS SIST DE INFORM.;LONG LARRY;1999;001;L 848;8252
INTRODUCCION A LAS COMPUTADORAS Y A LOS SIST DE INFORM.;LONG LARRY;1999;001;L 848;8257
INTRODUCCION A LOS COMPUTADORES Y SU PROGRAMACION;VICTOR L. PEREZ;1983;001.642.4;P 438;14701
INTRODUCCION A LOS COMPUTADORES Y SU PROGRAMAMCION;VICTOR L. PEREZ;1990;001.6;P 415;745
INTRODUCCION A LOS COMPUTADORES Y SU PROGRAMAMCION;VICTOR L. PEREZ;1990;001.6;P 415;743
INTRODUCCION A LOS COMPUTADORES Y SU PROGRAMAMCION;VICTOR L. PEREZ;1990;001.6;P 415;744
INTRODUCCION A LOS SISTEMAS DE BASES DE DATOS;C. ACEVEDO ;1986;001.61;D 232;1119
INTRODUCCION A LOS SISTEMAS DE BASES DE DATOS;C. ACEVEDO ;1986;001.61;D 232;1121
INTRODUCCION A LOS SISTEMAS DE BASES DE DATOS;C. ACEVEDO ;1986;001.61;D 232;1122
INTRODUCCION A LOS SISTEMAS OPERATIVOS;H.M. DEITEL;1987;001;D 325;2187
INTRODUCCION AL DISEÑO DE SISTEMAS;ENID SQUIRE;1995;001;S 774 i;9278
INTRODUCCION AL DISEÑO DE SISTEMAS;ENID SQUIRE;1995;001;S 774 i;9277
INTRODUCCION AL DISEÑO DE SISTEMAS;ENID SQUIRE;1995;001;S 774 i;9276
INTRODUCCION AL WINDOWS;MARY CAMPBELL;1992;001.642.5;C 189;1148
INTRODUCCION AL WINDOWS;MARY CAMPBELL;1992;001.642.5;C 189;1149
INTRODUCCION AL WINDOWS;MARY CAMPBELL;1992;001.642.5;C 189;1150
INVESTIGACION DE OPERACIONES;RICHARD BRONSON;2000;003.072;B 798 i;3987
INVESTIGACION DE OPERACIONES;RICHARD BRONSON;2000;003.072;B 798 i;3988
INVESTIGACION DE OPERACIONES;RICHARD BRONSON;2000;003.072;B 798 i;3989
INVESTIGACION DE OPERACIONES;RICHARD BRONSON;2000;003.072;B 798 i;9124
INVESTIGACION DE OPERACIONES ;MAYNARD KONG;2010;003.072;K 82 i.o;14332
LENGUAJE C  BIBLIOTECA  DE FUNCIONES;KRIS JAMSA;1986;001.642.4;J 27;14683
LENGUAJE ENSAMBLADORES;J. FUSTER;1998;001.642.4;F 995;6318
LENGUAJE ENSAMBLADORES;J. FUSTER;1998;001.642.4;F 995;6319
LENGUAJE ENSAMBLADORES;J. FUSTER;1998;001.642.4;F 995;8542
LENGUAJE ENSAMBLADORES;J. FUSTER;1998;001.642.4;F 995;6316
LENGUAJE ENSAMBLADORES;J. FUSTER;1998;001.642.4;F 995;6317
LENGUAJES DE PROGRAMACION;ALLEN B. TUCKER;1988;001.642.4;T 891;2091
LENGUAJES DE PROGRAMACION;ALLEN B. TUCKER;1988;001.642.4;T 891;2090
LENGUAJES DE PROGRAMACION ;RAVI SETHI;1992;001.642.4;S 495;5040
LENGUAJES DE PROGRAMACION DISEÑO E IMPLEMENTACION;TERRENCE W. PRATT;1998;001.642;P 914 L;9260
LENGUAJES DE PROGRAMACION DISEÑO E IMPLEMENTACION;TERRENCE W. PRATT;1998;001.642;P 914 L;9261
LENGUAJES DE PROGRAMACION DISEÑO E IMPLEMENTACION;TERRENCE W. PRATT;1998;001.642;P 914 L;9262
LOTUS 1-2-3;EDWARD M. BARAS;1987;001.642.5;B 223;14702
LOTUS 1-2-3- GUIA DEL USUARIO;E. BARAS;1992;001.642.4;B 225;1113
LOTUS 1-2-3- GUIA DEL USUARIO;E. BARAS;1992;001.642.4;B 225;1114
LOTUS 1-2-3- GUIA DEL USUARIO;E. BARAS;1992;001.642.4;B 225;1115
MANUAL DE VISUAL  BASIC 3 PARA WINDOWS;GARY CORNELL;1995;001.642.5;C 814;975
MANUAL DE VISUAL  BASIC 3 PARA WINDOWS;GARY CORNELL;1995;001.642.5;C 814;978
MANUAL DE VISUAL  BASIC 3 PARA WINDOWS;GARY CORNELL;1995;001.642.5;C 814;977
MANUAL DE VISUAL BASIC 4 PARA WINDOWS 95;GARY CORNELL;1997;001.642.5;C 814 m;5209
MANUAL DE VISUAL BASIC 4 PARA WINDOWS 95;GARY CORNELL;1997;001.642.5;C 814 m;5210
MANUAL DE VISUAL BASIC 4 PARA WINDOWS 95;GARY CORNELL;1997;001.642.5;C 814 m;7052
MANUAL DE VISUAL BASIC 4 PARA WINDOWS 95;GARY CORNELL;1997;001.642.5;C 814 m;7053
MANUAL DE VISUAL BASIC 4 PARA WINDOWS 95;GARY CORNELL;1997;001.642.5;C 814 m;8541
MATEMATICAS PARA COMPUTACION;SEYMOR LIPSCHUTZ;1996;004.0151;L767;1194
MATLAB ;HANSELMAN;1996;001.64;H 249;8401
MATLAB ;HANSELMAN;1996;001.64;H 249;8402
MATLAB ;HANSELMAN;1996;001.64;H 249;8403
MATLAB ;HANSELMAN;1996;001.64;H 249;8404
MATLAB ;HANSELMAN;1996;001.64;H 249;8406
MATLAB ;HANSELMAN;1996;001.64;H 249;8405
METODOLOGIA DE LA PROGRAMACION;L JOYANES;1987;001.61;J 88;2006
METODOS NUMERICOS APLICADOS CON SOFTWARE;SHOICHIRO NAKAMURA;1992;001.64;N 163;1597
MICROSOFT EXCEL 2010;HUGO RUIZ;2010;001.642.5;R 934 e;14329
MICROSOFT EXCEL 97;E. SOLER;1997;001.6;S 685 m;9467
MICROSOFT OFFICE 2010;AUTOR RESERVADO ;2010;001.6;AU 939 m;14324
MICROSOFT VISUAL BASIC VERSION  5.0;BRUCE MCKINNEY;7476;001.642.5;M 158;7475
MICROSOFT VISUAL BASIC VERSION  5.0;BRUCE MCKINNEY;1998;001.642.5;M 158;7476
MICROSOFT WORD 2000 PASO A PASO;A VAQUERO;2000;001.6;V.111 mi;9372
MICROSOFT WORD 2000 PASO A PASO;A VAQUERO;2000;001.6;V.111 mi;9371
MICROSOFT WORD 2010;PAUL PAREDES;2010;001.6;P 227;14323
NOVELL NETWARE ORDENES E INSTALACION;DOUGLAS WEBER;1991;001.642.4;W 364;2004
ORGANIZACIÓN  Y ARQUITECTURA DE COMPUTADORAS;J. MARTINEZ  G.;2000;001;M 385;8229
ORGANIZACIÓN  Y ARQUITECTURA DE COMPUTADORAS;J. MARTINEZ  G.;2000;001;M 385;8281
ORGANIZACIÓN  Y ARQUITECTURA DE COMPUTADORAS;J. MARTINEZ  G.;2000;001;M 385;8278
ORGANIZACIÓN  Y ARQUITECTURA DE COMPUTADORAS;J. MARTINEZ  G.;2000;001;M 385;8279
ORGANIZACIÓN  Y ARQUITECTURA DE COMPUTADORAS;J. MARTINEZ  G.;2000;001;M 385;8280
ORGANIZACIÓN  Y DISEÑO DE COMPUTADORES;DAVID PATTERSON;1994;001;P 317;5225
ORGANIZACIÓN DE COMPUTADORAS;HAMACHER   V. CARL;1987;001;H 198;2829
ORGANIZACIÓN DE COMPUTADORAS UN ENFOQUE ESTRUCTURADO;ANDREWS S. TANENBAUM;1992;001.64;T 166;14677
ORGANIZACIÓN DE COMPUTADORAS UN ENFOQUE ESTRUCTURADO;ANDREWS S. TANENBAUM;1992;004.22;T 164;1945
ORGANIZACIÓN DE COMPUTADORAS UN ENFOQUE ESTRUCTURADO;ANDREWS S. TANENBAUM;1992;004.22;T 164;7260
ORGANIZACIÓN DE COMPUTADORAS UN ENFOQUE ESTRUCTURADO;ANDREWS S. TANENBAUM;1992;004.22;T 164;7261
OVELL NETWARE MANUAL DE REFERENCIA;TOM SHELDON;1991;001.642.4;S 544;3012
PASCAL  Y TURBO PASCAL UN ENFOQUE PRACTICO;LUIS JOYANES;1996;001.642.4;J 88 p;7457
PASCAL  Y TURBO PASCAL UN ENFOQUE PRACTICO;LUIS JOYANES;1996;001.642.4;J 88 p;7458
PASCAL  Y TURBO PASCAL UN ENFOQUE PRACTICO;LUIS JOYANES;1996;001.642.4;J 88 p;7459
PASCAL Y ESTRUCTURA DE DATOS;N. DALE;1994;001.6;D 139;1006
PASCAL Y ESTRUCTURA DE DATOS;N. DALE;1994;001.6;D 139;1607
PASSWORD PROCESOS CREATIVOS;TIZNADO;1998;001;T 625 p;9378
PHP PROFESIONAL;ERIC CORONEL;2011;005;C 822;14322
PRINCIPIOS DE INTELIGENCIA ARTIFICIAL Y SISTEMAS EXPEROS;DAVID W. ROLSTON;1993;001.535;R 748;1084
PRINCIPIOS DE INTELIGENCIA ARTIFICIAL Y SISTEMAS EXPEROS;DAVID W. ROLSTON;1993;001.535;R 748;1085
PRINCIPIOS DE LAS COMPUTADORAS;SIN AUTOR;1976;001.642;S 411;3791
PROBLEMAS DE METODOLOGIA DE LA PROGRAMACION;LUIS JOYANES ;1990;001.1;J 88 p;10036
PROBLEMAS DE METODOLOGIA DE LA PROGRAMACION;LUIS JOYANES ;1990;001.1;J 88 p;10035
PROBLEMAS DE METODOLOGIA DE LA PROGRAMACION;LUIS JOYANES ;1990;001.1;J 88 p;10086
PROCESAMIENTO DE DATOS CONCEPTOS Y SISTEMAS;R VERZELLO;1983;001.6;V 574;2817
PROCESAMIENTO DE DATOS CONCEPTOS Y SISTEMAS;R VERZELLO;1983;001.6;V 574;2005
PROGRAMA EN DELPHI;GARY CORNELL -TROY STRAIN;1996;001.642.4;C 814;5224
PROGRAMACION  DEL Z 80;RODNAY ZAKS;1988;001;Z 22;2698
PROGRAMACION  EN TURBO PASCAL;LUIS JOYANES;1993;001.642.4;J 88 ;752
PROGRAMACION  EN TURBO PASCAL;LUIS JOYANES;1993;001.642.4;J 88 ;753
PROGRAMACION BASIC;BYRON S. GOTTFRIED;1988;001.642.4;G 686;706
PROGRAMACION BASIC;BYRON S. GOTTFRIED;1988;001.642.4;G 686;707
PROGRAMACION BASIC PARA CONTADORES;ALAN. J PARKER;1983;001.642.4;P 238;2089
PROGRAMACION BASIC PARA CONTADORES;ALAN. J PARKER;1983;001.642.4;P 238;2069
PROGRAMACION DEL Z80 CON ENSAMBLADOR;POLIVER LEPAPE;1985;001.642.4;L 592;2099
PROGRAMACION EN C;BYRON S. GOTTFRIED;1990;001.642.4;G 686 c;691
PROGRAMACION EN C;BYRON S. GOTTFRIED;1990;001.642.4;G 686 c;695
PROGRAMACION EN C;BYRON S. GOTTFRIED;1990;001.642.4;G 686 c;696
PROGRAMACION EN C;LUIS JOYANES;2001;001.642.4;J 88 p;505
PROGRAMACION EN PASCAL;BYRON S. GOTTFRIED;1997;001.642.4;G 685 p;1939
PROGRAMACION EN PASCAL;BYRON S. GOTTFRIED;1997;001.642.4;G 685 p;9623
PROGRAMACION EN PASCAL;BYRON S. GOTTFRIED;1997;001.642.4;G 685 p;5320
PROGRAMACION EN PASCAL;BYRON S. GOTTFRIED;1997;001.642.4;G 685 p;8117
PROGRAMACION EN PASCAL;P. GROGONO;1997;001.642.4;G 874 p;7430
PROGRAMACION EN PASCAL;P. GROGONO;1997;001.642.4;G 874 p;7431
PROGRAMACION EN PASCAL;P GROGONO;1980;001.642.5;P 16;14705
PROGRAMACION EN PASCAL;ARTHUR  M. KELLER;1983;001.642.4;K 29;2073
PROGRAMACION EN PASCAL (3ª EDICION) ;BYRON S. GOTTFRIED;1992;001.642.4;G 686;708
PROGRAMACION EN PASCAL (3ª EDICION) ;BYRON S. GOTTFRIED;1992;001.642.4;G 686;709
PROGRAMACION EN PASCAL (3ª EDICION) ;BYRON S. GOTTFRIED;1992;001.642.4;G 686;710
PROGRAMACION EN PASCAL (3ª EDICION) ;BYRON S. GOTTFRIED;1992;001.642.4;G 686;711
PROGRAMACION EN PASCAL (3ª EDICION) ;BYRON S. GOTTFRIED;1992;001.642.4;G 686;712
PROGRAMACION EN PASCAL (3ª EDICION) ;BYRON S. GOTTFRIED;1992;001.642.4;G 686;713
PROGRAMACION EN PASCAL (3ª EDICION) ;BYRON S. GOTTFRIED;1992;001.642.4;G 686;714
PROGRAMACION ENSAMBLADOR EN ENTORNO MS DOS;RODRIGUEZ-ROSELLO;1989;001;R 696;2103
PROGRAMACION ESTRUCTURADA EN C;JAMES L. ANTONAKOS;2000;001.642.4;A 627 p;9904
PROGRAMACION ESTRUCTURADA EN C;JOSE R. GARCIA;2008;004;G 216;14222
PROGRAMACION ESTRUCTURADA EN C;JAMES L. ANTONAKOS;2000;001.642.42;A 627 p;9902
PROGRAMACION FORTRAN;DANIEL Mc CRACKEN;1973;001.642.4;M 174;1960
PROGRAMACION FORTRAN;DANIEL Mc CRACKEN;1973;001.642.4;M 174;1961
QUATTRO PRO 4;LISA BIOW;1993;001.642.4;C 686 c;889
QUATTRO PRO 4 A SU ALCANCE;L BIOW;1993;001.642.4;B 616;888
REALIDAD VIRTUAL;L CASEY LARIJANI;1994;001;L 323;5227
REDES DE COMPUTADORAS;ANDREW S. TANENBAUM;1997;001.644.04;T 164 r;1250
REDES DE COMPUTADORAS;NATALIA OLIFER;2009;004.622;OL 46 r;14334
REDES DE COMPUTADORES PROTOCOLOS,NORMAS ;UYLESS LACK;1997;001.644.04;B 627 r;507
REDES DE ORDENADORES;ANDREW S. TANENBAUM;1991;001.644.04;T 164;1249
REDES DE ORDENADORES;ANDREW S. TANENBAUM;1991;001.644.04;T 164;1252
REDES GLOBALES DE INFORMACION  CON INTERNET Y TCP/IP;DOUGLAS E. COMER;1996;001.644.04;C 732 r;4158
REDES GLOBALES DE INFORMACION  CON INTERNET Y TCP/IP;DOUGLAS E. COMER;1996;001.644.04;C 732 r;4162
REDES LOCALES DE COMPUTADORAS;J.BELTRAO;1989;001.642.4;B 453;2813
REDES LOCALES INSTALACION Y CONFIGURACION;JOSE l. RAYA- LAURA RAYA;2009;001.642.04;R 264;14335
REDES NEURONALES;JAMES A. FREEMAN;1993;001.644.04;F 855;6784
REDES NEURONALES;JAMES A. FREEMAN;1993;001.644.04;F 855;6785
REDES NEURONALES;JAMES A. FREEMAN;1993;001.644.04;F 855;6438
RELEASE 2.0;DYSON  ESTHER;1998;001;D 998;7789
RESOLUCION DE PROBLEMAS CON   C++;WALTER  SAVITCH;2000;001.6;S 267;8825
RESOLUCION DE PROBLEMAS CON   C++;WALTER  SAVITCH;2000;001.6;S 267;8826
SIMULACION DE SISTEMAS;GEOFFREY GORDON;1989;001.61;G 663;3363
SIMULACION DE SISTEMAS CON EL SOFTWARE ARENA;PEDRO J. TORRES;2010;003.092;T 693 s;14224
SISTEMA DE ADMINISTRACION Y SIST. DE INFORM. ADMINSTR.;VICTOR L. PEREZ;1992;001.6;P 415 s;750
SISTEMA DE ADMINISTRACION Y SIST. DE INFORM. ADMINSTR.;VICTOR L. PEREZ;1992;001.6;P 415 s;749
SISTEMA DE ADMINISTRACION Y SIST. DE INFORM. ADMINSTR.;VICTOR L. PEREZ;1992;001.6;P 415 s;751
SISTEMA DE BASE DE DATOS -ADMINISTRACION Y USO;ALICE Y. H. TSAI;1990;001.61;T 877;11626
SISTEMA DE BASE DE DATOS -ADMINISTRACION Y USO;ALICE Y. H. TSAI;1990;025.06;T 877;14720
SISTEMAS  DE INFORMACION GERENCIAL;GORDON DAVIS-M.H.OLSON;1989;001.06;D 261;14667
SISTEMAS DIGITALES;RONALD J. TOCCI;1996;001.61;T 631s;5481
SISTEMAS DIGITALES;RONALD J. TOCCI;1996;001.61;T 631s;5482
SISTEMAS OPERATIVOS;H.M. DEITEL;1993;001;D 325 i;5043
SISTEMAS OPERATIVOS;WILLIAMS STALLINGS;2001;001;S 775 s;506
SISTEMAS OPERATIVOS;MARIBEL SABANA  M.;2004;001;SA 113 s.o;14230
SISTEMAS OPERATIVOS -CONCEPTOS FUNDAMENTALES;A SILBERSCHATZ;1998;001.61;S 582;14676
SISTEMAS OPERATIVOS -CONCEPTOS Y DISEÑO;MILAN MILENKOVIC;1994;001.024;M 642;14666
SISTEMAS OPERATIVOS DISEÑO E IMPLEMENTACION;ANDREW TANENBAUM;1988;001;T 164;3123
SISTEMAS OPERATIVOS DISEÑO E IMPLEMENTACION;ANDREW TANENBAUM;1998;001;T 164 s.o.d;7656
SISTEMAS OPERATIVOS DISEÑO E IMPLEMENTACION;ANDREW TANENBAUM;1998;001;T 164 s.o.d;7657
SISTEMAS OPERATIVOS DISTRIBUIDOS;ANDREW TANENBAUM;1996;001;T 164 S.o;9241
SISTEMAS OPERATIVOS DISTRIBUIDOS;ANDREW TANENBAUM;1996;001;T 164 S.o;7655
SISTEMAS OPERATIVOS DISTRIBUIDOS;ANDREW TANENBAUM;1996;001;T 164 S.o;7654
SISTEMAS OPERATIVOS MODERNOS ;ANDREW TANENBAUM;1992;001;T 164 s;7209
SISTEMAS OPERATIVOS MODERNOS ;ANDREW TANENBAUM;1992;001;T 164 s;1789
SISTEMAS OPERATIVOS MODERNOS ;ANDREW TANENBAUM;1992;001;T 164 s;3374
SISTEMAS OPERATIVOS MODERNOS ;ANDREW TANENBAUM;1992;001;T 164 s;7208
TECNOLOGIAS EMERGENTES PARA REDES DE COMPUTADORES;UYLESS BLACK;1997;001.644.04;B 627;8216
TECNOLOGIAS EMERGENTES PARA REDES DE COMPUTADORES;UYLESS BLACK;1997;001.644.04;B 627;8261
TECNOLOGIAS EMERGENTES PARA REDES DE COMPUTADORES;UYLESS BLACK;1997;001.644.04;B 627;8262
TECNOLOGIAS EMERGENTES PARA REDES DE COMPUTADORES;UYLESS BLACK;1997;001.644.04;B 627;8263
TECNOLOGIAS EMERGENTES PARA REDES DE COMPUTADORES;UYLESS BLACK;1997;001.644.04;B 627;8265
TECNOLOGIAS EMERGENTES PARA REDES DE COMPUTADORES;UYLESS BLACK;1997;001.644.04;B 627;8266
TECNOLOGIAS EMERGENTES PARA REDES DE COMPUTADORES;UYLESS BLACK;1997;001.644.04;B 627;8267
TELECOMUNICACIONES  PARA  PC;JOHN C DVORAK;1992;001.642.04;D 989;2812
TEORIA DE AUTOMATAS LENGUAJES Y FORMALES;DEAN KELLEY;1995;001.642.4;K 29 t;8297
TEORIA DE AUTOMATAS LENGUAJES Y FORMALES;DEAN KELLEY;1995;001.642.4;K 29 t;8298
TEORIA DE AUTOMATAS LENGUAJES Y FORMALES;DEAN KELLEY;1995;001.642.4;K 29 t;8299
TEORIA DE AUTOMATAS LENGUAJES Y FORMALES;DEAN KELLEY;1995;001.642.4;K 29 t;8300
TEORIA DE COMPUTACION;J. GLEEN;1989;1;B873;1126
TEORIA DE LA COMPUTACION;J. GLEEN;1989;001;B 873;1126
TODO SOBRE ADO.NET 3.5 ;CRISTIAN SANCHEZ;2010;001.642.5;SA 194 ado;14330
TURBO PASCAL 7.0  MANUAL DE BOLSILLO;LUIS JOYANES;1995;001.642.4;J 88 t;7445
TURBO PASCAL 7.0  MANUAL DE BOLSILLO;LUIS JOYANES;1995;001.642.4;J 88 t;7446
TURBO PASCAL 7.0  MANUAL DE BOLSILLO;LUIS JOYANES;1995;001.642.4;J 88 t;7447
TURBO PASCAL 7.0  MANUAL DE BOLSILLO;LUIS JOYANES;1995;001.642.4;J 88 t;8880
UTILIZACION DE C EN INTELIGENCIA ARTIFICIAL;HERBERT SCHILDT;1988;001.642.4;S 334 u;3053
VISUAL BASIC 4.0 MANUAL DE BOLSILLO;MARCO TIZNADO;1997;001.642.5;T 625;7606
VISUAL BASIC 4.0 MANUAL DE BOLSILLO;MARCO TIZNADO;1997;001.642.5;T 625;7607
VISUAL BASIC 4.0 MANUAL DE BOLSILLO;MARCO TIZNADO;1997;001.642.5;T 625;7608
VISUAL BASIC 6.0;MARTA BEATRIZ MARTINS;1999;001.642.4;M 386;14699
WINDOWS 3.1 A SU ALCANCE ;TOM SHELDON;1993;001.642.5;S 544  W 3.1;2478
WINDOWS 3.1 MANUAL DE REFERENCIA;TOM SHELDON;1993;001.642.5;S 544w3.1mr;1110
WINDOWS 3.1 MANUAL DE REFERENCIA;TOM SHELDON;1993;001.642.5;S 544w3.1mr;1111
WINDWOS 3 A SU ALCANCE;TOM SHELDON;1992;001.642.5;S 544  W 3.0;2479
