150 JUEGOS Y ACTIVIDADES PREESCOLARES;ZANE A. SPENCER;1986;372.21;S 746;2550;
150 JUEGOS Y ACTIVIDADES PREESCOLARES;ZANE A. SPENCER;1987;372.21;S 746;2551;
ACTIVIDADES CREATIVAS EN LA EDUCACION ESPECIAL;JANNITA M. COMPLO,I.H.M.;1989;372.64;C728a;9351;
ACTIVIDADES CREATIVAS EN LA EDUCACION ESPECIAL;JANNITA M. COMPLO,I.H.M.;1989;372.64;C728a;9345;
ACTIVIDADES CREATIVAS EN LA EDUCACION ESPECIAL;JANNITA M. COMPLO,I.H.M.;1989;372.64;C728a;9349;
ACTIVIDADES CREATIVAS EN LA EDUCACION ESPECIAL;JANNITA M. COMPLO,I.H.M.;1989;372.64;C728a;9346;
ACTIVIDADES CREATIVAS EN LA EDUCACION ESPECIAL;JANNITA M. COMPLO,I.H.M.;1989;372.64;C728a;9352;
ACTIVIDADES DE EXPRESION PLASTICA Y MANUAL 2;COLECCIÓN COMO HACER;1972;372.5;A188;1567;
ACTIVIDADES DE EXPRESION PLASTICA Y MANUAL 2;COLECCIÓN COMO HACER;1972;372.5;A188;1566;
ACTIVIDADES PARA AYUDAR AL NIÑO A APRENDER. DESDE LOS 3 HASTA LOS 6 AÑOS;KEN ADAMS;1999;372.21;A 211;8662;
ACTIVIDADES PARA AYUDAR AL NIÑO A APRENDER. DESDE LOS 3 HASTA LOS 6 AÑOS;KEN ADAMS;1999;372.21;A 211;8663;
ACTIVIDADES PARA AYUDAR AL NIÑO A APRENDER. DESDE LOS 3 HASTA LOS 6 AÑOS;KEN ADAMS;1999;372.21;A 211;8664;
ACTIVIDADES PARA AYUDAR AL NIÑO A APRENDER. DESDE LOS 3 HASTA LOS 6 AÑOS;KEN ADAMS;1999;372.21;A 211;8665;
ACTIVIDADES PARA AYUDAR AL NIÑO A APRENDER. DESDE LOS 3 HASTA LOS 6 AÑOS;KEN ADAMS;1999;372.21;A 211;8666;
ACTIVIDADES PARA AYUDAR AL NIÑO A APRENDER. DESDE LOS 3 HASTA LOS 6 AÑOS;KEN ADAMS;1999;372.21;A 211;8667;
ACTIVIDADES PREESCOLARES CIENCIAS SOCIALES;SARA THROOP;1984;372.21;T 531 AP;1883;
ACTIVIDADES PREESCOLARES CIENCIAS SOCIALES;SARA THROOP;1984;372.21;T 531 AP;1884;
ACTIVIDADES PREESCOLARES CIENCIAS SOCIALES;SARA THROOP;1984;372.21;T 531 AP;1882;
ACTIVIDADES PREESCOLARES LENGUAJE;SARA THROOP;1990;372.21;T531;2729;
ACTIVIDADES PREESCOLARES SALUD Y SEGURIDAD;SARA THROOP;1984;372.21;T531APS;1876;
ACTIVIDADES PREESCOLARES SALUD Y SEGURIDAD;SARA THROOP;1984;372.21;T531APS;1878;
ACTIVIDADES PREESCOLARES SALUD Y SEGURIDAD;SARA THROOP;1984;372.21;T531APS;1877;
ACTIVIDADES PREESCOLARES. CIENCIAS FISICAS Y NATURALES;SARA THROOP;1984;372.21;T 531a;1879;
ACTIVIDADES PREESCOLARES. CIENCIAS FISICAS Y NATURALES;SARA THROOP;1984;372.21;T 531a;1880;
ACTIVIDADES PREESCOLARES. CIENCIAS FISICAS Y NATURALES;SARA THROOP;1984;372.21;T 531a;1881;
ALAMBIQUE. LA EVALUACION DE LOS APRENDIZAJES;H. ALAMOS;1995;371.26;A 318;8080;
ALAS PARA LA INFANCIA;MANUEL PEÑA MUÑOZ;1995;372.21;P 419;3380;
APRENDER A ESTUDIAR;MICHAEL GUINERY;1988;371.3;G964;1812;
APRENDER A FORMAR NIÑOS LECTORES Y ESCRITORES;GLORIA INOSTROZA DE CELIS;1997;372.634;I58;8595;
APRENDIENDO A APRENDER;JOSEPH D. NOVAK;1988;370.152;N 935;1806;
APRENDIENDO A CRECER COMO PERSONA;ISABEL M. HAEUSSLER;1990;372.21;H 137ac;2116;
APRENDIENDO A CRECER COMO PERSONA;ISABEL M. HAEUSSLER;1990;372.21;H 137ac;2024;
APRENDIENDO A CRECER COMO PERSONA;ISABEL M. HAEUSSLER;1990;372.21;H 137ac;3392;
APRENDIENDO A CRECER COMO PERSONA;ISABEL M. HAEUSSLER;1990;372.21;H 137ac;3383;
APRENDIENDO A CRECER COMO PERSONA;ISABEL M. HAEUSSLER;1990;372.21;H 137ac;2023;
APRENDIENDO A CRECER COMO PERSONA;ISABEL M. HAEUSSLER;1990;372.21;H 137ac;1970;
APRENDIENDO A SER PADRES;ISABEL M. HAEUSSLER;1997;372.21;H 137ap;8609;
APRENDIENDO A SER PADRES;ISABEL M. HAEUSSLER;1997;372.21;H 137ap;8610;
APRENDIENDO A SER PADRES;ISABEL M. HAEUSSLER;1997;372.21;H 137ap;8750;
APRENDIENDO A SER PADRES;ISABEL M. HAEUSSLER;1997;372.21;H 137ap;8751;
APRENDIZAJE ESCOLAR Y CONSTRUCCION DE CONOCIMIENTO;CESAR COLL SALVADOR;1997;371.394.42;C 697;5193;
APRENDIZAJE Y COMUNICACIÓN ¿COMO APRENDEMOS?;ALMA I. MALDONADO T.;2001;370;M 244a;9495;
APRENDIZAJES INTEGRADOS PARA PARVULOS;FELISA JOPIA ALAYANA;2009;371.21;J 62.3aip;13493;
APRENDIZAJES INTEGRADOS PARA PARVULOS;FELISA JOPIA ALAYANA;2009;371.21;J 62.3aip;13494;
ARTES PLASTICAS -SUGERENCIAS METODOLOGICAS;OLGA MORALES;1986;372.5;M 828;7412;
ARTES PLASTICAS -SUGERENCIAS METODOLOGICAS;OLGA MORALES;1986;372.5;M 828;8530;
ARTES PLASTICAS -SUGERENCIAS METODOLOGICAS;OLGA MORALES;1986;372.5;M 828;8532;
ARTES PLASTICAS -SUGERENCIAS METODOLOGICAS;OLGA MORALES;1986;372.5;M 828;8534;
ARTES PLASTICAS -SUGERENCIAS METODOLOGICAS;OLGA MORALES;1986;372.5;M 828;8531;
ARTES PLASTICAS -SUGERENCIAS METODOLOGICAS;OLGA MORALES;1986;372.5;M 828;7416;
ARTES PLASTICAS -SUGERENCIAS METODOLOGICAS;OLGA MORALES;1986;372.5;M 828;7414;
ARTES PLASTICAS -SUGERENCIAS METODOLOGICAS;OLGA MORALES;1986;372.5;M 828;7417;
ARTES PLASTICAS -SUGERENCIAS METODOLOGICAS;OLGA MORALES;1986;372.5;M 828;8533;
ARTES PLASTICAS -SUGERENCIAS METODOLOGICAS;OLGA MORALES;1986;372.5;M 828;7413;
ARTES PLASTICAS -SUGERENCIAS METODOLOGICAS;OLGA MORALES;1986;372.5;M 828;7415;
BAILES DE TIERRA EN CHILE;MARGOT LOYOLA;1980;390;L 932.3;13461;
BAILES DE TIERRA EN CHILE;MARGOT LOYOLA;1980;390;L 932.3;13462;
BAILES DE TIERRA EN CHILE;MARGOT LOYOLA;1980;390;L 932.3;13560;
BIOLOGIA, PSICOLOGIA Y SOCIOLOGIA DEL NIÑO EN EDAD PREESCOLAR;EDICIONES CEAC;1991;372.21;G 216;3499;
BIOLOGIA, PSICOLOGIA Y SOCIOLOGIA DEL NIÑO EN EDAD PREESCOLAR;EDICIONES CEAC;1991;372.21;G 216;3500;
BIOLOGIA, PSICOLOGIA Y SOCIOLOGIA DEL NIÑO EN EDAD PREESCOLAR;EDICIONES CEAC;1991;372.21;G 216;3501;
CALIDAD DE LA ENSEÑANZA EN TIEMPOS DE CAMBIO;ALVARO MARCHESI;1998;371.9;M 298c;9887;
CALIDAD EN LA EDUCACION INFANTIL;MIGUEL A. ZABALZA;1996;372.22;Z 12c;9951;
CALIDAD EN LA EDUCACION INFANTIL;MIGUEL A. ZABALZA;1996;372.22;Z 12c;9952;
CALIDAD Y MODALIDADES ALTERNATIVAS EN EDUCACION INICIAL;MARIA VICTORIA PERALTA;2000;372.21;P 426c;10860;
CAPITAL CULTURAL, ESCUELA Y ESPACIO SOCIAL;PIERRE BOURDIEU;2008;370;B 761c;13430;
CAPITAL CULTURAL, ESCUELA Y ESPACIO SOCIAL;PIERRE BOURDIEU;2008;370;B 761c;13431;
CAPITAL CULTURAL, ESCUELA Y ESPACIO SOCIAL;PIERRE BOURDIEU;2008;370;B 761c;13432;
CAPITAL CULTURAL, ESCUELA Y ESPACIO SOCIAL;PIERRE BOURDIEU;2008;370;B 761c;13433;
CAPITAL CULTURAL, ESCUELA Y ESPACIO SOCIAL;PIERRE BOURDIEU;2008;370;B 761c;13435;
CIENCIAS EN EL PARVULARIO;MONTSE BENLLOCH;1992;372.21;B468;8669;
CLAUDIA Y LAS LETRAS;CECILIA BEUCHAT;1990;372.21;B 142;2862;
CLAUDIA Y LAS LETRAS;CECILIA BEUCHAT;1990;372.21;B 142;3616;
CLAUDIA Y LAS LETRAS;CECILIA BEUCHAT;1990;372.21;B 142;3617;
CLAUDIA Y LAS LETRAS;CECILIA BEUCHAT;1990;372.21;B 142;3618;
CLAUDIA Y LAS LETRAS;CECILIA BEUCHAT;1990;372.21;B 142;3619;
CLAUDIA Y LAS LETRAS;CECILIA BEUCHAT;1987;372.21;B 142;3620;
CLAUDIA Y LAS LETRAS;CECILIA BEUCHAT;1987;372.21;B 142;3621;
CLAUDIA Y LAS LETRAS;CECILIA BEUCHAT;1987;372.21;B 142;3621;
CLAUDIA Y LAS LETRAS;CECILIA BEUCHAT;1987;372.21;B 142;3622;
CLAUDIA Y LAS LETRAS;CECILIA BEUCHAT;1987;372.21;B 142;3623;
COMO APRENDE Y COMO ENSEÑA EL DOCENTE. UN DEBATE SOBRE EL PERFECCIONAMIENTO;JENNY ASSAEL;1992;371.122;A 844;8860;
COMO APRENDE Y COMO ENSEÑA EL DOCENTE. UN DEBATE SOBRE EL PERFECCIONAMIENTO;JENNY ASSAEL;1992;371.122;A 844;8861;
COMO APRENDE Y COMO ENSEÑA EL DOCENTE. UN DEBATE SOBRE EL PERFECCIONAMIENTO;JENNY ASSAEL;1992;371.122;A 844;8862;
COMO DESARROLLAR EL LENGUAJE ORAL Y ESCRITO;TERESA MARCHANT;1998;372.414;M315;16627;
COMO DISEÑAR Y ELABORAR PROYECTOS;ENRIQUE PALLADINO;1999;371.36;P 153;9021;
COMO DISEÑAR Y ELABORAR PROYECTOS;ENRIQUE PALLADINO;1999;371.36;P 153;7954;
COMO DISEÑAR Y ELABORAR PROYECTOS;ENRIQUE PALLADINO;1999;371.36;P 153;7958;
COMO DISEÑAR Y ELABORAR PROYECTOS;ENRIQUE PALLADINO;1999;371.36;P 153;7959;
COMO DISEÑAR Y ELABORAR PROYECTOS;ENRIQUE PALLADINO;1999;371.36;P 153;9953;
COMO ENSEÑAR A PENSAR A LOS NIÑOS;OLIVA TREJO;2008;371.21;T 874;13492;
COMO ENSEÑAR A PENSAR A LOS NIÑOS;OLIVA TREJO;2008;371.21;T 874;13491;
COMO ESTIMULAR EL DESARROLLO DE LOS NIÑOS Y DESPERTAR SUS CAPACIDADES;MARCELA ANTOLIN;2006;371.41;A 627;13436;
COMO ESTIMULAR EL DESARROLLO DE LOS NIÑOS Y DESPERTAR SUS CAPACIDADES;MARCELA ANTOLIN;2006;371.41;A 627;13437;
COMO GESTIONAR EL CAMBIO EN CONTEXTOS EDUCATIVOS;PATRICK WHITHAKER;1998;375;W578c;9938;
COMO INVESTIGAR EN EDUCACION;J. W. BEST;1982;370.78;B 561;47;
COMO LOGRAR UNA ENSEÑANZA ACTIVA DE LA MATEMATICA;VICENTE JIMENEZ;1990;371.3;J61;16570;
COMO TRABAJAR CON PROYECTOS INTEGRADORES;SILVIA RUBIN;2000;372.21;R 896.1pro;13471;
COMO TRABAJAR CON PROYECTOS INTEGRADORES;SILVIA RUBIN;2000;372.21;R 896.1pro;13472;
CONCEPTOS MODERNOS SOBRE EDUCACION;W.A. SAUCIER;1941;370.195;S 255;1641;
CONSTRUCTIVISMO Y EDUCACION;MARIO CARRETERO;1993;370.1;C 315.3ce;13551;
CONTRUCTIVISMO EN EL AULA ;CESAR COLL;1998;371.394.42;C697E;8813;
CREATIVIDAD Y LENGUAJE: TALLERES LITERARIOS PARA NIÑOS;CECILIA BEUCHAT;1995;372.21;B 566;3478;
CUENTOS PARA LOS NIÑOS DEL NORTE;JOSE SANTOS OSSA;1991;372.21;I 59;3757;
CURRICULOS EDUCACIONALES EN AMERICA LATINA;M. VICTORIA PERALTA ESPINOSA;1996;372.19;P 426;8325;
CURRICULOS EDUCACIONALES EN AMERICA LATINA;M. VICTORIA PERALTA ESPINOSA;1996;372.19;P 426;8326;
CURRICULOS EDUCACIONALES EN AMERICA LATINA;M. VICTORIA PERALTA ESPINOSA;1996;372.19;P 426;8327;
CURRICULOS EDUCACIONALES EN AMERICA LATINA;M. VICTORIA PERALTA ESPINOSA;1996;372.19;P 426;8328;
CURRICULOS EDUCACIONALES EN AMERICA LATINA;M. VICTORIA PERALTA ESPINOSA;1996;372.19;P 426;8329;
CURRICULOS EDUCACIONALES EN AMERICA LATINA;M. VICTORIA PERALTA ESPINOSA;1996;372.19;P 426;8330;
CURRICULUM Y CULTURA EN AMERICA LATINA;ABRAHAM MAGENDZO;1991;372.9;M 192;8741;
CURRICULUM Y CULTURA EN AMERICA LATINA;ABRAHAM MAGENDZO;1991;372.9;M 192;8742;
CURRICULUM Y CULTURA EN AMERICA LATINA;ABRAHAM MAGENDZO;1991;372.9;M 192;8743;
CURRICULUM Y CULTURA EN AMERICA LATINA;ABRAHAM MAGENDZO;1991;372.9;M 192;8745;
CURSO PARA LA DETECCION DE ALTERACIONES Y PROBLEMAS DEL APRENDIZAJE;MARIA LUISA MEZA;1995;370.15;M 617;8752;
CURSO PARA LA DETECCION DE ALTERACIONES Y PROBLEMAS DEL APRENDIZAJE;MARIA LUISA MEZA;1995;370.15;M 617;8753;
CURSO PARA LA DETECCION DE ALTERACIONES Y PROBLEMAS DEL APRENDIZAJE;MARIA LUISA MEZA;1995;370.15;M 617;8754;
CURSO PARA LA DETECCION DE ALTERACIONES Y PROBLEMAS DEL APRENDIZAJE;MARIA LUISA MEZA;1995;370.15;M 617;8755;
CURSO PRACTICO DE EXPRESION CORPORAL;GRUPO EDIT. OCEANO;1988;372.218;G 892;1640;
CURSO PRACTICO DE EXPRESION CORPORAL;CARLOS GISPERT;1988;372.21;1639;1639;
DEBATE SOBRE LA EDUCACION ;JAUME SARRAMONA;2006;370;S 247.5;13505;
DEBATE SOBRE LA EDUCACION ;JAUME SARRAMONA;2006;370;S 247.5;13506;
DEFECTOS EN LA DICCION INFANTIL. PROCEDIMIENTOS PARA SU CORRECCION;TOBIAS CORREDERA SANCHEZ;1949;371.914;C 824;1896;
DEFECTOS EN LA DICCION INFANTIL. PROCEDIMIENTOS PARA SU CORRECCION;TOBIAS CORREDERA SANCHEZ;1949;371.914;C 824;1897;
DEFECTOS EN LA DICCION INFANTIL. PROCEDIMIENTOS PARA SU CORRECCION;TOBIAS CORREDERA SANCHEZ;1949;371.914;C 824;1898;
DEL JUEGO AL ARTE INFANTIL;LETICIA COSSETTINI;1977;372.52;C 836;1540;
DEL JUEGO AL ARTE INFANTIL;LETICIA COSSETTINI;1977;372.52;C 836;1541;
DEL PROYECTO EDUCATIVO A LA PROGRAMACION DE AULA;S. ANTUNEZ;1997;372.21;A 627p;9344;
DESAFIOS Y DILEMAS DE LA PSICOPEDAGOGIA;DOMINGO BAZAN;2000;370.15;B 362;16592;
DESARROLLO DE LA CAPACIDAD CREADORA;VIKTOR LOWENFELD;1994;372.5;L917d;5090;
DESARROLLO DE LA EXPRESION INTEGRADA INTEGRADA CLUB CLI-CLO-PIPS;CECILIA BEUCHAT;1993;370.118;B 566;8488;
DESARROLLO PERSONAL PARA NIÑOS DE 0 A 9 AÑOS;PATRICIO VARAS S.;1995;155.4;V288;8454;
DESARROLLO PERSONAL PARA NIÑOS DE 0 A 9 AÑOS;PATRICIO VARAS S.;1995;155.4;V288;8739;
DESARROLLO PERSONAL PARA NIÑOS DE 0 A 9 AÑOS;PATRICIO VARAS S.;1995;155.4;V288;8452;
DESARROLLO PERSONAL PARA NIÑOS DE 0 A 9 AÑOS;PATRICIO VARAS S.;1995;155.4;V288;8453;
DESARROLLO PERSONAL PARA NIÑOS DE 0 A 9 AÑOS;PATRICIO VARAS S.;1995;155.4;V288;8740;
DESARROLLO PERSONAL, INTERPERSONAL Y ORGANIZACIONAL EN LA ESCUELA;PATRICIO VARAS S.;1994;370;V 288;8445;
DESARROLLO PERSONAL, INTERPERSONAL Y ORGANIZACIONAL EN LA ESCUELA;PATRICIO VARAS S.;1994;370;V 288;8446;
DESARROLLO PERSONAL, INTERPERSONAL Y ORGANIZACIONAL EN LA ESCUELA;PATRICIO VARAS S.;1994;370;V 288;8447;
DESARROLLO PERSONAL, INTERPERSONAL Y ORGANIZACIONAL EN LA ESCUELA;PATRICIO VARAS S.;1994;370;V 288;8448;
DESARROLLO PERSONAL, INTERPERSONAL Y ORGANIZACIONAL EN LA ESCUELA;PATRICIO VARAS S.;1994;370;V 288;8449;
DESARROLLO PERSONAL, INTERPERSONAL Y ORGANIZACIONAL EN LA ESCUELA;PATRICIO VARAS S.;1994;370;V 288;8450;
DINAMICA DE RECREACION Y JUEGOS;SILVINO JOSE FRITZEN;1995;372.21;F 919;7686;
DINAMICA DE RECREACION Y JUEGOS;SILVINO JOSE FRITZEN;1995;372.21;F 919;8007;
DISEÑO, DESARROLLO E INNOVACION DEL CURRICULUM;JUAN ESCUDERO;1999;372.7;E74.D;9886;
EDUCACION CREATIVA PROYECTOS ESCOLARES;OLIVA TREJO;2005;372.21;T788.2e;13438;
EDUCACION CREATIVA PROYECTOS ESCOLARES;OLIVA TREJO;2005;372.21;T788.2e;13439;
EDUCACION INFANTIL I.;ROCIO BARTOLOME;1997;372.21;B 223e;4923;
EDUCACION INFANTIL I.;ROCIO BARTOLOME;1997;372.21;B 223e;4935;
EDUCACION INFANTIL I.;ROCIO BARTOLOME;1997;372.21;B 223e;4937;
EDUCACION INFANTIL II. ;DOLORES GUTIERREZ;1997;372.21;G 984e;4942;
EDUCACION INFANTIL II. ;DOLORES GUTIERREZ;1997;372.21;G 984e;4943;
EDUCACION INFANTIL II. ;DOLORES GUTIERREZ;1997;372.21;G 984e;4953;
EDUCACION PARVULARIA EN CHILE DEL DIAGNOSTICO A LA ACCION;JUN. JARD. INF;1991;372.21;J 65s;2666;
EDUCACION PERSONALIZADA EN EL JARDIN INFANTIL. V. 1;MARIA VICTORIA PERALTA;1987;372.218;P 426e;3382;
EDUCACION PERSONALIZADA EN EL JARDIN INFANTIL. V. 1;MARIA VICTORIA PERALTA;1987;372.218;P 426e;5032;
EDUCACION PREESCOLAR NO CONVENCIONAL EN CHILE;V. APABLAZA;1988;372.21;A 639;3051;
EDUCACION PREESCOLAR NO CONVENCIONAL EN CHILE;V. APABLAZA;1988;372.21;A 639;3052;
EDUCACION PREESCOLAR. METODOS, TECNICAS Y ORGANIZACIÓN;CRISTINA CASTILLO CEBRIAN;1991;372.21;C 352;2825;
EDUCACION PREESCOLAR. METODOS, TECNICAS Y ORGANIZACIÓN;CRISTINA CASTILLO CEBRIAN;1991;372.21;C 352;2825;
EDUCACION PREESCOLAR. METODOS, TECNICAS Y ORGANIZACIÓN;CRISTINA CASTILLO CEBRIAN;1991;372.21;C 352;2827;
EDUCACION: DESAFIOS DE HOY Y MAÑANA;GABRIEL DE PUJADAS H.;1993;370.195;D 325;8830;
EDUCACION: DESAFIOS DE HOY Y MAÑANA;GABRIEL DE PUJADAS H.;1993;370.195;D 325;8831;
EDUCACION: DESAFIOS DE HOY Y MAÑANA;GABRIEL DE PUJADAS H.;1993;370.195;D 325;8833;
EDUCACION: DESAFIOS DE HOY Y MAÑANA;GABRIEL DE PUJADAS H.;1993;370.195;D 325;8834;
EDUCACION: DESAFIOS DE HOY Y MAÑANA;GABRIEL DE PUJADAS H.;1993;370.195;D 325;8835;
EDUCAR, UN DESAFIO. UNIDADES III Y IV;C. ACEVEDO;1986;370;A 174;8820;
EDUCAR, UN DESAFIO. UNIDADES III Y IV;C. ACEVEDO;1986;370;A 174;8821;
EDUCAR, UN DESAFIO. UNIDADES III Y IV;C. ACEVEDO;1986;370;A 174;8822;
EJERCICIOS PARA ESTIMULAR LA INTELIGENCIA;MARIA PASCUAL;2008;372.21;P 278.3eei;13579;
EL ANALISIS DE LA REALIDAD SOCIAL. METODOS Y TECNICAS DE INVESTIGACION;MANUEL GARCIA FERRANDO;2000;370.078;G 212c;5565;
EL AREA DE EDUCACION MUSICAL;PEP ALSINA;1997;372.21;A 461a;9368;
EL ARTE DE EVALUAR EN EL JARDIN DE INFANTES;MYRIAM HAYQUEL DE ANDRES;1985;372.218;H 424;3788;
EL ARTE DE EVALUAR EN EL JARDIN DE INFANTES;MYRIAM HAYQUEL DE ANDRES;1985;372.218;H 424;3528;
EL ARTE DE EVALUAR EN EL JARDIN DE INFANTES;MYRIAM HAYQUEL DE ANDRES;1985;372.218;H 424;3529;
EL ARTE EN EL NIÑO EN EDAD PREESCOLAR;CLARE CHERRY;1988;372.21;C 522;3437;
EL ARTE EN EL NIÑO EN EDAD PREESCOLAR;CLARE CHERRY;1988;372.21;C 522;3438;
EL ARTE EN EL NIÑO EN EDAD PREESCOLAR;CLARE CHERRY;1988;372.21;C 522;3439;
EL ARTE EN LA EDUCACION ESPECIAL;PAULINE TILLEY;1981;371.904.4;T 576;1996;
EL CONSTRUCTIVISMO EN EL AULA;CESAR COLL;1999;371.394.42;C 697e;8814;
EL CONSTRUCTIVISMO EN EL AULA;CESAR COLL;1999;371.394.42;C 697e;8812;
EL CONSTRUCTIVISMO EN EL AULA;CESAR COLL;1999;371.394.42;C 697e;8815;
EL CURRICULO ;DALILLA C. SPERB;1973;372.19;S 749;3505;
EL CURRICULO ;DALILLA C. SPERB;1973;372.19;S 749;3506;
EL CURRICULO ;DALILLA C. SPERB;1973;372.19;S 749;3507;
EL CURRICULUM COGNITIVO Y SU APORTE AL NIÑO CHILENO;SYLVIA LAVANCHY;2000;372.210.7;L 395;8286;
EL CURRICULUM COGNITIVO Y SU APORTE AL NIÑO CHILENO;SYLVIA LAVANCHY;2000;372.210.7;L 395;8287;
EL CURRICULUM COGNITIVO Y SU APORTE AL NIÑO CHILENO;SYLVIA LAVANCHY;2000;372.210.7;L 395;8288;
EL CURRICULUM COGNITIVO Y SU APORTE AL NIÑO CHILENO;SYLVIA LAVANCHY;2000;372.210.7;L 395;8289;
EL CURRICULUM COGNITIVO Y SU APORTE AL NIÑO CHILENO;SYLVIA LAVANCHY;2000;372.210.7;L 395;8290;
EL CURRICULUM COGNITIVO Y SU APORTE AL NIÑO CHILENO;SYLVIA LAVANCHY;2000;372.210.7;L 395;8291;
EL CURRICULUM EN EL JARDIN INFANTIL;M. VICTORIA PERALTA ESPINOSA;1996;372.21;P 426;8140;
EL DIBUJO DE LOS NIÑOS;ANTONIO MURA;1963;372.21;M 972;3531;
EL DIBUJO DE LOS NIÑOS;ANTONIO MURA;1963;372.21;M 972;3532;
EL EDUCADOR NATO;EDUARD SPRANGER;1960;371.1;S 757;16603;
EL EDUCADOR Y LOS PADRES. ESTRATEGIAS DE INTERVENCION EDUCATIVA;LUCIA SANTELICES CUEVAS;2001;371.192;S 234e;3199;
EL EFECTO MOZART PARA NIÑOS;DON CAMPBELL;2001;371.5;C 187;13465;
EL EFECTO MOZART PARA NIÑOS;DON CAMPBELL;2001;371.5;C 187;13466;
EL EFECTO MOZART PARA NIÑOS;DON CAMPBELL;2001;371.5;C 187;13467;
EL EFECTO MOZART PARA NIÑOS;DON CAMPBELL;2001;371.5;C 187;13468;
EL JARDIN DE INFANCIA MINUTO A MINUTO;TIMY BARANOFF;1984;372.218;B225;1886;
EL JARDIN DE INFANTES;MADELEINE FAURE;1958;372.218;F 265;1890;
EL JARDIN DE INFANTES;MADELEINE FAURE;1958;372.218;F 265;1892;
EL JARDIN DE LA INFANCIA MINUTO A MINUTO;TIMY BARANOFF;1984;372.218;B 225;1888;
EL JARDIN DE LA INFANCIA MINUTO A MINUTO;TIMY BARANOFF;1984;372.218;B 225;1887;
EL LENGUAJE Y EL PENSAMIENTO EN EL NIÑO;JEAN PIAGET;1952;371.904.4;P579;16605;
EL LIBRO DE LOS JUEGOS TOMO I;MARSILIO PAROLINI;1997;796.1;P257;545;
EL LIBRO DE LOS JUEGOS TOMO II;MARSILIO PAROLINI;1997;796.1;P257;16629;
EL NIÑO FRENTE AL MUNDO;PIERRE YAYER;1973;371.9;V392;16609;
EL NIÑO Y SU ARTE;VIKTOR LOWENFELD;1958;372.5;L917;2594;
EL PREESCOLAR ESCUELA DE LA INFANCIA;MILENA M. BALDISSERRI;1984;372.21;B 177;2890;
EL PREESCOLAR ESCUELA DE LA INFANCIA;MILENA M. BALDISSERRI;1984;372.21;B 177;2891;
EL SENTIDO DE LA EDUCACION. UNA INTRODUCCION A LA FILOSOFIA Y A LA TEORIA DE LA EDUCACION Y DE LA ENSEÑANZA;DAVID CARR;2005;371.121;C 257.1;13497;
EL SENTIDO DE LA EDUCACION. UNA INTRODUCCION A LA FILOSOFIA Y A LA TEORIA DE LA EDUCACION Y DE LA ENSEÑANZA;DAVID CARR;2005;371.121;C 257.1;13498;
EL TEATRO DE TITERES EN LA EDUCACION;HUGO CERDA G.;1989;372.21;C 413;2622;
EL TEATRO DE TITERES EN LA EDUCACION;HUGO CERDA G.;1989;372.21;C 413;2623;
EL TEATRO DE TITERES EN LA EDUCACION;HUGO CERDA G.;1989;372.21;C 413;2624;
EL TEATRO DE TITERES EN LA EDUCACION;HUGO CERDA G.;1989;372.21;C 413;2625;
EL TEATRO DE TITERES EN LA EDUCACION;HUGO CERDA G.;1989;372.21;C 413;3471;
EL TEATRO DE TITERES EN LA EDUCACION;HUGO CERDA G.;1994;372.21;C 413m;8199;
EL TEATRO DE TITERES EN LA EDUCACION;HUGO CERDA G.;1994;372.21;C 413m;8201;
EL TEATRO DE TITERES EN LA EDUCACION;HUGO CERDA G.;1994;372.21;C 413m;8202;
EL TEATRO DE TITERES EN LA EDUCACION;HUGO CERDA G.;1994;372.21;C 413m;8203;
EL TEATRO DE TITERES EN LA EDUCACION;HUGO CERDA G.;1994;372.21;C 413m;8204;
EL TEATRO DE TITERES EN LA EDUCACION;HUGO CERDA G.;1994;372.21;C 413m;8206;
EL TEATRO DE TITERES EN LA EDUCACION;HUGO CERDA G.;1994;372.21;C 413m;8209;
EL TEATRO DE TITERES EN LA EDUCACION;HUGO CERDA;1989;372.21;C413;8207;
EL TRABAJO MANUAL: SU DIDACTICA Y PRACTICA;ANA MARIA JUNYENT F.;1989;745.5;J 95;7448;
EL TRABAJO MANUAL: SU DIDACTICA Y PRACTICA;ANA MARIA JUNYENT F.;1989;745.5;J 95;7450;
EMOCIONES Y LENGUAJE EN EDUCACION Y POLITICA;HUMBERTO MATURANA R.;1995;370.158;M 445;3472;
EMOCIONES Y LENGUAJE EN EDUCACION Y POLITICA;HUMBERTO MATURANA R.;1997;370.158;M 445;8085;
EMOCIONES Y LENGUAJE EN EDUCACION Y POLITICA;HUMBERTO MATURANA R.;1997;370.158;M 445;8086;
EMOCIONES Y LENGUAJE EN EDUCACION Y POLITICA;HUMBERTO MATURANA R.;1997;370.158;M 445;8087;
EMOCIONES Y LENGUAJE EN EDUCACION Y POLITICA;HUMBERTO MATURANA R.;1997;370.158;M 445;9543;
EMOCIONES Y LENGUAJE EN EDUCACION Y POLITICA;HUMBERTO MATURANA R.;1997;370.158;M 445;8545;
EN BUSCA DE LA ESCUELA DEL SIGLO XXI;ERNESTO SCHIEFELBEIN;1992;370;S 332;8816;
EN BUSCA DE LA ESCUELA DEL SIGLO XXI;ERNESTO SCHIEFELBEIN;1992;370;S 332;8817;
EN BUSCA DE LA ESCUELA DEL SIGLO XXI;ERNESTO SCHIEFELBEIN;1992;370;S 332;8818;
EN BUSCA DE LA ESCUELA DEL SIGLO XXI;ERNESTO SCHIEFELBEIN;1992;370;S 332;8819;
ENCICLOPEDIA DE LA PSICOPEDAGOGIA. PEDAGOGIA Y PSICOLOGIA;GRUPO OCEANO;2005;370.15;G 535;16591;
ENCICLOPEDIA PRACTICA DE PEDAGOGIA. 1 EL NIÑO EN LAS ETAPAS DE ENSEÑANZA;M. ANGUERA;1988;370;A 594;3079;
ENCICLOPEDIA PRACTICA DE PEDAGOGIA. 2 LA ESCUELA;M. ANGUERA;1988;370;A 594l;3055;
ENCICLOPEDIA PRACTICA DE PEDAGOGIA. 3. TECNICAS PEDAGOGICAS I;M. ANGUERA;1988;370;A 594l;3056;
ENCICLOPEDIA PRACTICA DE PEDAGOGIA. 4. TECNICAS PEDAGOGICAS II;M. ANGUERA;1988;370;A 594ed;3057;
ENCICLOPEDIA PRACTICA DE PEDAGOGIA. 5. TECNICAS PEDAGOGICAS III;M. ANGUERA;1988;370;A 594a;3080;
ENCICLOPEDIA PRACTICA DE PEDAGOGIA. 6. PSICOLOGIA, SOCIOLOGIA Y EDUCACION;M. ANGUERA;1988;370;A 594p;3081;
ENCUENTRO NACIONAL DE INFORMATICA Y COMPUTACION EDUCACIONAL;UDEC;1994;371.394.45;U 58;12;
ENCUENTRO NACIONAL DE INFORMATICA Y COMPUTACION EDUCACIONAL;UDEC;1994;371.394.45;U 58;13;
ENSEÑANDO A LEER;NEVA MILICIC;1984;372.41;M 644;16602;
ENSEÑANDO A LEER;NEVA MILICIC;1984;372.41;M 644;16625;
ESCALA DE EVALUACION DEL DESARROLLO PSICOMOTOR DE 0 A 24 MESES;SOLEDAD RODRIGUEZ;1983;155.28;R696;8793;
ESCALA DE EVALUACION DEL DESARROLLO PSICOMOTOR DE 0 A 24 MESES;SOLEDAD RODRIGUEZ;1983;155.28;R696;8791;
ESCALA DE EVALUACION DEL DESARROLLO PSICOMOTOR DE 0 A 24 MESES;SOLEDAD RODRIGUEZ;1983;155.28;R696;8794;
ESCALA DE EVALUACION DEL DESARROLLO PSICOMOTOR DE 0 A 24 MESES;SOLEDAD RODRIGUEZ;1983;155.28;R696;8795;
ESCALA DE EVALUACION DEL DESARROLLO PSICOMOTOR DE 0 A 24 MESES;SOLEDAD RODRIGUEZ;1983;155.28;R696;8792;
ESCOLARES TALENTOSOS,LENTOS,DESFAVORECIDOS E IMPEDIDOS;M. PILCH Y OTROS;1969;371.926;P637;16610;
ESCUELA PARA EDUCADORAS;MARIANA BRUZZO;2008;371.25;B 886.3e;13455;
ESTRATEGIA Y SISTEMAS DE INFORMACION;RAFAEL ANDREU;1996;370.71;A 555e;9436;
ESTRATEGIA Y SISTEMAS DE INFORMACION;RAFAEL ANDREU;1996;370.71;A 555e;9437;
ESTRATEGIA Y SISTEMAS DE INFORMACION;RAFAEL ANDREU;1996;370.71;A 555e;9438;
ESTRATEGIA Y SISTEMAS DE INFORMACION;RAFAEL ANDREU;1996;370.71;A 555e;9439;
EVALUACION  PARA LA TOMA DE DECISIONES;ERNESTO TORO BALART;1990;370.71;T 686;8869;
EVALUACION  PARA LA TOMA DE DECISIONES;ERNESTO TORO BALART;1990;370.71;T 686;8870;
EVALUACION  PARA LA TOMA DE DECISIONES;ERNESTO TORO BALART;1990;370.71;T 686;8871;
EVALUACION  PARA LA TOMA DE DECISIONES;ERNESTO TORO BALART;1990;370.71;T 686;8873;
EVALUACION  PARA LA TOMA DE DECISIONES;ERNESTO TORO BALART;1990;370.71;T 686;8874;
EVALUACION  PARA LA TOMA DE DECISIONES;ERNESTO TORO BALART;1990;370.71;T 686;8875;
EVALUACION  PARA LA TOMA DE DECISIONES;ERNESTO TORO BALART;1990;370.71;T 686;8876;
EVALUACION DE LA CALIDAD EDUCATIVA;ELENA CANO GARCIA;1998;370.195;G 216e;10963;
EVALUACION Y POSTEVALUACION EN EDUCACION INFANTIL. COMO EVALUAR Y QUE HACER DESPUES;VICTORIA MIR COSTA;2005;371.21;M 671ep;13483;
EVALUACION Y POSTEVALUACION EN EDUCACION INFANTIL. COMO EVALUAR Y QUE HACER DESPUES;VICTORIA MIR COSTA;2005;371.21;M 671ep;13485;
EVALUACION Y POSTEVALUACION EN EDUCACION INFANTIL. COMO EVALUAR Y QUE HACER DESPUES;VICTORIA MIR COSTA;2005;371.21;M 671ep;13486;
EXPRESION PLASTICA Y MANUAL PARA PARVULOS;DORA AGUILA S.;1986;371.21;A 283e;8407;
EXPRESION PLASTICA Y MANUAL PARA PARVULOS;DORA AGUILA S.;1986;371.21;A 283e;8409;
EXPRESION PLASTICA Y MANUAL PARA PARVULOS;DORA AGUILA S.;1986;371.21;A 283e;8410;
EXPRESION PLASTICA Y MANUAL PARA PARVULOS;DORA AGUILA S.;1986;371.21;A 283e;8412;
EXPRESION PLASTICA Y MANUAL PARA PARVULOS;DORA AGUILA S.;1986;371.21;A 283e;8411;
EXPRESION PLASTICA Y MANUAL PARA PARVULOS;DORA AGUILA S.;1986;371.21;A 283e;4154;
FAMILIA Y DESARROLLO INFANTIL;ISABEL M. HAEUSSLER;1997;372.21;H 137f;8611;
FAMILIA Y DESARROLLO INFANTIL;ISABEL M. HAEUSSLER;1997;372.21;H 137f;8612;
FAMILIA Y DESARROLLO INFANTIL;ISABEL M. HAEUSSLER;1997;372.21;H 137f;8613;
FAMILIA Y DESARROLLO INFANTIL;ISABEL M. HAEUSSLER;1997;372.21;H 137f;8614;
FAMILIA Y ESCUELA ;EMILIA DOWLING;1996;372.21;D747 f;2601;
FAMILIA Y ESCUELA -;EMILIA DOWLING;1996;372.21;D747 f;2603;
FOLCLOR CHILENO;ORESTE PLATH;1994;398;P 716;8986;
FOLKLORE INFANTIL EN LA EDUCACION;MANUEL PEÑA MUÑOZ;1994;398;P 349f;2975;
FOLKLORE INFANTIL EN LA EDUCACION;MANUEL PEÑA MUÑOZ;1994;398;P 349f;2982;
FOLKLORE INFANTIL EN LA EDUCACION;MANUEL PEÑA MUÑOZ;1994;398;P 349f;2986;
FOLKLORE INFANTIL EN LA EDUCACION;MANUEL PEÑA MUÑOZ;1994;398;P 349f;2993;
FOLKLORE INFANTIL EN LA EDUCACION;MANUEL PEÑA MUÑOZ;1994;398;P 349f;2994;
FOLKLORE INFANTIL EN LA EDUCACION;MANUEL PEÑA MUÑOZ;1994;398;P 349f;3020;
FOLKLORE INFANTIL EN LA EDUCACION;MANUEL PEÑA MUÑOZ;1994;398;P 349f;3021;
FOLKLORE INFANTIL EN LA EDUCACION;MANUEL PEÑA MUÑOZ;1994;398;P 349f;3030;
FOLKLORE INFANTIL EN LA EDUCACION;MANUEL PEÑA MUÑOZ;1994;398;P 349f;3038;
FOLKLORE INFANTIL EN LA EDUCACION;MANUEL PEÑA MUÑOZ;1994;398;P 349f;3059;
FOLKLORE INFANTIL EN LA EDUCACION;MANUEL PEÑA MUÑOZ;1994;398;P 349f;3060;
FOLKLORE INFANTIL EN LA EDUCACION;MANUEL PEÑA MUÑOZ;1994;398;P 349f;3062;
FOLKLORE INFANTIL EN LA EDUCACION;MANUEL PEÑA MUÑOZ;1994;398;P 349f;3087;
FOLKLORE INFANTIL EN LA EDUCACION;MANUEL PEÑA MUÑOZ;1994;398;P 349f;3088;
FOLKLORE INFANTIL EN LA EDUCACION;MANUEL PEÑA MUÑOZ;1994;398;P 349f;3090;
FOLKLORE INFANTIL EN LA EDUCACION;MANUEL PEÑA MUÑOZ;1994;398;P 349f;3091;
FORMACION DE PROFESORES UN ANUEVA ACTITUD FORMATIVA;JUAN RUZ R.;1992;370.71;R 987;8867;
FORMAR NIÑOS LECTORES DE TEXTOS;JOSETTE JOLIBERT;1997;372.634;J 75f;8603;
FORMAR NIÑOS LECTORES DE TEXTOS;JOSETTE JOLIBERT;1997;372.634;J 75f;8606;
FORMAR NIÑOS LECTORES DE TEXTOS;JOSETTE JOLIBERT;1997;372.634;J75f;8605;
FORMAR NIÑOS PRODUCTORES  DE TEXTOS;JOSETTE JOLIBERT;1997;372.634;J 75f;8781;
FORMAR NIÑOS PRODUCTORES DE TEXTOS;JOSETTE JOLIBERT;1988;372.634;J 75;1805;
FORMAR NIÑOS PRODUCTORES DE TEXTOS;JOSETTE JOLIBERT;1997;372.634;J75fo;8784;
FORMAR NIÑOS PRODUCTORES DE TEXTOS;JOSETTE JOLIBERT;1997;372.634;J75fo;8782;
GUIA DIDACTICA PARA JARDINES DE INFANTES;NELLY M. VITA;1962;372.218;V 835;2592;
GUIA DIDACTICA PARA JARDINES DE INFANTES;NELLY M. VITA;1962;372.218;V 835;2593;
GUIA PARA ELABORAR LA TESIS ;SANTIAGO ZORRILLA ARENA;1992;378.242;Z 88;6304;
GUIA PARA ELABORAR LA TESIS ;SANTIAGO ZORRILLA ARENA;1992;378.242;Z 88;6307;
GUIA PARA ELABORAR LA TESIS ;SANTIAGO ZORRILLA ARENA;1992;378.242;Z 88;6307;
GUIA PARA UN EFECTIVO PROGRAMA DEL JARDIN DE INFANTES;DAVID MINDESS;1998;372.218;M 663;3522;
GUIA PARA UN EFECTIVO PROGRAMA DEL JARDIN DE INFANTES;DAVID MINDESS;1998;372.218;M 663;3523;
GUIA PARA UN EFECTIVO PROGRAMA DEL JARDIN DE INFANTES;DAVID Y MARY MINDESS;1980;372.218;M 663;3521;
HACIA UN NUEVO ENFOQUE EN LA ENSEÑANZA DE LAS CIENCIAS;SONIA OSSES BUSTINGORRY;1999;370.71;O 84;8858;
HACIA UN NUEVO ENFOQUE EN LA ENSEÑANZA DE LAS CIENCIAS;SONIA OSSES BUSTINGORRY;1999;370.71;O 84;8859;
HACIA UN NUEVO ENFOQUE EN LA ENSEÑANZA DE LAS CIENCIAS;SONIA OSSES BUSTINGORRY;1999;370.71;O84;8857;
HACIA UNA METODOLOGIA DE SISTEMATIZACION DE LA PRACTICA;MARIA MERCEDES GAGNETEN;1980;370;G 132h;4146;
HACIA UNA METODOLOGIA DE SISTEMATIZACION DE LA PRACTICA;MARIA MERCEDES GAGNETEN;1980;370;G 132h;4151;
HACIA UNA METODOLOGIA DE SISTEMATIZACION DE LA PRACTICA;MARIA MERCEDES GAGNETEN;1980;370;G 132h;4152;
HISTORIA DE LA LITERATURA INFANTIL CHILENA;MANUEL PEÑA MUÑOZ;1982;372.21;P 419h;2618;
HISTORIA DE LA LITERATURA INFANTIL CHILENA;MANUEL PEÑA MUÑOZ;1982;372.21;P 419h;2619;
HISTORIA DE LA LITERATURA INFANTIL CHILENA;MANUEL PEÑA MUÑOZ;1982;372.21;P 419h;2620;
INICIACION MATEMATICA;Mª DEL C. RENCORET;1995;372.7;R 396;3479;
INTERROGAR Y PRODUCIR TEXTOS AUTENTICOS: VIVENCIAS EN EL AULA;JOSETTE JOLIBERT;1998;372.634;J 75i;8575;
INTERROGAR Y PRODUCIR TEXTOS AUTENTICOS: VIVENCIAS EN EL AULA;JOSETTE JOLIBERT;1998;372.634;J 75i;8577;
INTERROGAR Y PRODUCIR TEXTOS AUTENTICOS: VIVENCIAS EN EL AULA;JOSETTE JOLIBERT;1998;372.634;J 75i;8579;
INTERROGAR Y PRODUCIR TEXTOS AUTENTICOS: VIVENCIAS EN EL AULA;JOSETTE JOLIBERT;1998;372.634;J 75i;8580;
INTRODUCCION A LA METODOLOGIA DE LA INVESTIGACION;CLAUDIO MOLINA DIAZ;1988;370.78;M 722;8417;
INTRODUCCION A LA METODOLOGIA DE LA INVESTIGACION;CLAUDIO MOLINA DIAZ;1988;370.78;M 722;8418;
INTRODUCCION A LA METODOLOGIA DE LA INVESTIGACION;CLAUDIO MOLINA DIAZ;1988;370.78;M 722;8419;
INVESTIGACION Y EDUCACION;JOHN L. HAYMAN;1991;370.78;H 422;2897;
INVESTIGACION Y EDUCACION;JOHN L. HAYMAN;1991;370.78;H 422;2898;
INVESTIGACION Y EDUCACION;JOHN L. HAYMAN;1991;370.78;H 422;2899;
JUEGA Y APRENDE;MARIA PASCUAL;2008;372.21;P 278.3ja;13571;
JUEGO Y VIDA;HILDA CAÑETE;1991;372.21;C 235;3537;
JUEGOS CON NIÑOS;JULIE HAGSTROM;1987;372.21;H 146;1874;
JUEGOS CON NIÑOS;JULIE HAGSTROM;1987;372.21;H 146;1875;
JUEGOS CON NIÑOS;JULIE HAGSTROM;1987;372.21;H146;1873;
JUEGOS CREATIVOS DESDE LA PALABRA;SUSANA GAMBOA;2007;790.1;E 192j;14312;
JUEGOS CREATIVOS DESDE LA PALABRA;SUSANA GAMBOA;2007;790.1;E 192j;14312;
JUEGOS DE COMUNICACIÓN;FRANCO SIMONETTI BAGNARA;2007;372.218;S 598.3jc;13476;
JUEGOS DE COMUNICACIÓN;FRANCO SIMONETTI BAGNARA;2007;372.218;S 598.3jc;13477;
JUEGOS DE COMUNICACIÓN;FRANCO SIMONETTI BAGNARA;2007;372.218;S 598.3jc;13478;
JUEGOS DE RAZONAMIENTO LOGICO;MARIANA CHADWICK;1996;371.92;C 432;3480;
JUEGOS DE RAZONAMIENTO LOGICO;MARIANA CHADWICK;1996;371.92;C 432;3668;
JUEGOS DE RAZONAMIENTO LOGICO;MARIANA CHADWICK;1996;371.92;C 432;3791;
JUEGOS DE RAZONAMIENTO LOGICO;MARIANA CHADWICK;1996;371.92;C 432;3929;
JUEGOS DE RAZONAMIENTO LOGICO;MARIANA CHADWICK;1996;371.92;C 432;3930;
JUEGOS DE RAZONAMIENTO LOGICO;MARIANA CHADWICK;1996;371.92;C 432;3931;
JUEGOS DE RAZONAMIENTO LOGICO;MARIANA CHADWICK;1996;371.92;C 432;3932;
JUEGOS Y ACTIVIDADES PREESCOLARES;SANDRA ZEITLIN TAETZSCH;1987;372.21;Z 48;1870;
JUEGOS Y ACTIVIDADES PREESCOLARES;SANDRA ZEITLIN TAETZSCH;1987;372.21;Z 48;1871;
JUGUEMOS EN EL KINDER;MARIA L. RODRIGUEZ;2000;372.218;R 896.1jk;13473;
JUGUEMOS EN EL KINDER;MARIA L. RODRIGUEZ;2000;372.218;R 896.1jk;13475;
JUGUEMOS EN EL KINDER;MARIA L. RODRIGUEZ;2000;372.218;R 896.1jk;13474;
JUSTICIA CON MENORES Y JOVENES;J. URRA;1995;370;U 81j;2037;
JUSTICIA CON MENORES Y JOVENES;J. URRA;1995;370;U 81j;2038;
JUSTICIA CON MENORES Y JOVENES;J. URRA;1995;370;U 81j;2407;
LA ALTERNATIVA DEL JUEGO I;PACO CASCON SORIANO;1997;372.21;C 336;7675;
LA ALTERNATIVA DEL JUEGO II;ANA BASTIDA;1996;372.21;A 283;7676;
LA CIENCIA SU METODO Y SU FILOSOFIA;MARIO BUNGE;1945;372.21;B 942;7912;
LA CIENCIA SU METODO Y SU FILOSOFIA;MARIO BUNGE;1945;372.21;B 942;7913;
LA CIENCIA SU METODO Y SU FILOSOFIA;MARIO BUNGE;1945;372.21;B 942;9067;
LA CIENCIA SU METODO Y SU FILOSOFIA;MARIO BUNGE;1945;372.21;B 942;7894;
LA CIENCIA SU METODO Y SU FILOSOFIA;MARIO BUNGE;1945;372.21;B 942;7895;
LA CIENCIA SU METODO Y SU FILOSOFIA;MARIO BUNGE;1945;372.21;B 942;7896;
LA CIENCIA SU METODO Y SU FILOSOFIA;MARIO BUNGE;1945;372.21;B 942;7901;
LA CIENCIA SU METODO Y SU FILOSOFIA;MARIO BUNGE;1945;372.21;B 942;7902;
LA CIENCIA SU METODO Y SU FILOSOFIA;MARIO BUNGE;1945;372.21;B 942;7907;
LA CIENCIA SU METODO Y SU FILOSOFIA;MARIO BUNGE;1945;372.21;B 942;7914;
LA DISLEXIA;MABEL CONDEMARIN;1993;372.43;C745;1834;
LA EDUCACION DE LOS NIÑOS PEQUEÑOS EN ACCION;MARY HOHMANN;1999;371.71;H 717e;3482;
LA EDUCACION DE LOS NIÑOS PEQUEÑOS EN ACCION;MARY HOHMANN;1999;371.71;H 717e;3485;
LA EDUCACION DE LOS NIÑOS PEQUEÑOS EN ACCION;MARY HOHMANN;1999;371.71;H 717e;3705;
LA EDUCACION DE LOS NIÑOS PEQUEÑOS EN ACCION;MARY HOHMANN;2008;370.22;H 717edu;13489;
LA EDUCACION DE LOS NIÑOS PEQUEÑOS EN ACCION;MARY HOHMANN;2008;370.22;H 717edu;13490;
LA EDUCACION DE PARVULOS Y EL NIÑO CHILENO;V. APABLAZA;1987;372.21;A 639e;2626;
LA EDUCACION DE PARVULOS Y EL NIÑO CHILENO;V. APABLAZA;1987;372.21;A 639e;2627;
LA EDUCACION DE PARVULOS Y EL NIÑO CHILENO;V. APABLAZA;1987;372.21;A 639e;2628;
LA EDUCACION DE PARVULOS Y EL NIÑO CHILENO;V. APABLAZA;1987;372.21;A 639e;2629;
LA EDUCACION DE PARVULOS Y EL NIÑO CHILENO;V. APABLAZA;1987;372.21;A 639e;2630;
LA EDUCACION DEL NIÑOS AUTISTA. GUIA PARA PADRES Y MAESTROS;LORNA WING;1981;371.9;W 769;16601;
LA EDUCACION FISICA EN LA PRIMERA INFANCIA;LADY E. GONZALEZ;1987;372.21;G 643;2581;
LA EDUCACION FISICA EN LA PRIMERA INFANCIA;LADY E. GONZALEZ;1987;372.21;G 643;2582;
LA EDUCACION FISICA Y LA EXPRESION CORPORAL EN EL JARDIN INFANTIL;OSVALDO GALLARDO ARISMENDI;1999;372.218;G 163;3379;
LA EDUCACION FISICA Y LA EXPRESION CORPORAL EN EL JARDIN INFANTIL;OSVALDO GALLARDO ARISMENDI;1999;372.218;G 163;8175;
LA EDUCACION FISICA Y LA EXPRESION CORPORAL EN EL JARDIN INFANTIL;OSVALDO GALLARDO ARISMENDI;1999;372.218;G 163;8176;
LA EDUCACION FISICA Y LA EXPRESION CORPORAL EN EL JARDIN INFANTIL;OSVALDO GALLARDO ARISMENDI;1988;372.218;G 163;3026;
LA EDUCACION FISICA Y LA EXPRESION CORPORAL EN EL JARDIN INFANTIL;OSVALDO GALLARDO ARISMENDI;1988;372.218;G 163;3027;
LA EDUCACION FISICA Y LA EXPRESION CORPORAL EN EL JARDIN INFANTIL;OSVALDO GALLARDO ARISMENDI;1988;372.218;G 163;3389;
LA EDUCACION FISICA Y LA EXPRESION CORPORAL EN EL JARDIN INFANTIL;OSVALDO GALLARDO ARISMENDI;1988;372.218;G 163;3390;
LA EDUCACION FISICA Y LA EXPRESION CORPORAL EN EL JARDIN INFANTIL;OSVALDO GALLARDO ARISMENDI;1988;372.218;G 163;3391;
LA EDUCACION INTEGRAL EN EL PREESCOLAR. PROPUESTA PEDAGOGICA;GIOVANNI M. LAFRANCESCO V.;2004;371.25;L 159.8eip;13561;
LA EDUCACION INTEGRAL EN EL PREESCOLAR. PROPUESTA PEDAGOGICA;GIOVANNI M. LAFRANCESCO V.;2004;371.25;L 159.8eip;13562;
LA EDUCACION PREESCOLAR;MADELEINE ABBADIE;1980;372.21;A 123;2552;
LA EDUCACION PREESCOLAR;MADELEINE ABBADIE;1980;372.21;A 123;2554;
LA EDUCACION PREESCOLAR;MADELEINE ABBADIE;1980;372.21;A 123;2561;
LA EDUCACION PREESCOLAR;MADELEINE ABBADIE;1980;372.21;A 123;2557;
LA EDUCACION PREESCOLAR;MADELEINE ABBADIE;1980;372.21;A 123;2560;
LA EDUCACION PREESCOLAR;MADELEINE ABBADIE;1980;372.21;A 123;2558;
LA EDUCACION PREESCOLAR EN CHILE Y EN AMERICA LATINA;MARIA CECILIA ACEVEDO;1988;372.21;A 174;2616;
LA EDUCACION PREESCOLAR EN CHILE Y EN AMERICA LATINA;MARIA CECILIA ACEVEDO;1988;372.21;A 174;8759;
LA EDUCACION PREESCOLAR EN CHILE Y EN AMERICA LATINA;MARIA CECILIA ACEVEDO;1988;372.21;A 174;8760;
LA EDUCACION PREESCOLAR EN CHILE Y EN AMERICA LATINA;MARIA CECILIA ACEVEDO;1988;372.21;A 174;8761;
LA EDUCACION PREESCOLAR EN CHILE Y EN AMERICA LATINA;MARIA CECILIA ACEVEDO;1988;372.21;A 174;8762;
LA EDUCACION PREESCOLAR EN CHILE Y EN AMERICA LATINA;MARIA CECILIA ACEVEDO;1988;372.21;A 174;8763;
LA EDUCACION PREESCOLAR: DESAFIO Y AVENTURA;SYLVIA LAVANCHY;1993;372.21;L 395;3378;
LA EDUCACION PREESCOLAR: DESAFIO Y AVENTURA;SYLVIA LAVANCHY;1993;372.21;L 395;6338;
LA EDUCACION PREESCOLAR: DESAFIO Y AVENTURA;SYLVIA LAVANCHY;1993;372.21;L 395;6340;
LA EDUCACION PREESCOLAR: DESAFIO Y AVENTURA;SYLVIA LAVANCHY;1993;372.21;L 395;6341;
LA EDUCACION PREESCOLAR: DESAFIO Y AVENTURA;SYLVIA LAVANCHY;1993;372.21;L 395;6342;
LA EDUCACION PREESCOLAR: DESAFIO Y AVENTURA;SYLVIA LAVANCHY;1993;372.21;L 395;6343;
LA EDUCACION PREESCOLAR: DESAFIO Y AVENTURA;SYLVIA LAVANCHY;1993;372.21;L 395;8546;
LA EDUCACION PREESCOLAR: DESAFIO Y AVENTURA;SYLVIA LAVANCHY;1993;372.21;L 395;8547;
LA EDUCACION PREESCOLAR: DESAFIO Y AVENTURA;SYLVIA LAVANCHY;1993;372.21;L 395;8548;
LA EDUCACION PREESCOLAR: DESAFIO Y AVENTURA;SYLVIA LAVANCHY;1993;372.21;L 395;8549;
LA ESCRITURA CREATIVA Y FORMAL;MABEL CONDEMARIN;2000;372.634;C 745;8444;
LA ESCRITURA CREATIVA Y FORMAL;MABEL CONDEMARIN;2000;372.634;C745;8441;
LA EVALUACION EN LA INSTITUCION ESCOLAR. PLANIFICACION E INFORME;RAFAEL HERRERA;1988;371.26;S 332;6499;
LA EVALUACION EN LA INSTITUCION ESCOLAR. PLANIFICACION E INFORME;RAFAEL HERRERA;1988;371.26;S 332;6500;
LA EVALUACION INTEGRAL Y DEL APRENDIZAJE. FUNDAMENTOS Y ESTRATEGIAS;GIOVANNI M. LAFRANCESCO V.;2004;371.26;L 159.8e;13556;
LA EXPRESION CORPORAL EN EL JARDIN DE INFANTES;PATRICIA STOKOE;1980;371.21;S 863e;10889;
LA INVESTIGACION DE LA ENSEÑANZA I. ENFOQUES, TEORIAS Y METODOS;MERLIN C. WITTROCK;1997;371.102;W 832e;9098;
LA INVESTIGACION DE LA ENSEÑANZA I. ENFOQUES, TEORIAS Y METODOS;MERLIN C. WITTROCK;1997;371.102;W 832e;9192;
LA INVESTIGACION DE LA ENSEÑANZA I. ENFOQUES, TEORIAS Y METODOS;MERLIN C. WITTROCK;1997;371.102;W 832e;9193;
LA INVESTIGACION DE LA ENSEÑANZA II. METODOS CUALITATIVOS Y DE OBSERVACION;MERLIN C. WITTROCK;1997;371.102;W 832m;9193;
LA INVESTIGACION DE LA ENSEÑANZA III. PROFESORES Y ALUMNOS;MERLIN C. WITTROCK;1997;371.102;W 832p;9100;
LA LECTURA: TEORIA, EVALUACION Y DESARROLLO;FELIPE ALLIENDE G.;1999;372.21;A 436;8429;
LA LECTURA: TEORIA, EVALUACION Y DESARROLLO;FELIPE ALLIENDE G.;1999;372.21;A 436;8430;
LA LECTURA: TEORIA, EVALUACION Y DESARROLLO;FELIPE ALLIENDE G.;1999;372.21;A 436;8431;
LA PLANEACION CURRICULAR;JOSE A. ARNAZ;1991;370.71;A 746;2870;
LA PLANEACION CURRICULAR;JOSE A. ARNAZ;1991;370.71;A 746;2872;
LA PLANIFICACION EDUCATIVA. CONCEPTOS, METODOS, ESTRATEGIAS Y TECNICAS PARA EDUCADORES;EZEQUIEL ANDER-EGG;2008;370.21;A 543.5pe;16563;
LA PLANIFICACION EDUCATIVA. CONCEPTOS, METODOS, ESTRATEGIAS Y TECNICAS PARA EDUCADORES;EZEQUIEL ANDER-EGG;2008;370.21;A 543.5pe;13564;
LA PLANIFICACION EDUCATIVA. CONCEPTOS, METODOS, ESTRATEGIAS Y TECNICAS PARA EDUCADORES;EZEQUIEL ANDER-EGG;2008;370.21;A 543.5pe;13565;
LA PRACTICA, MOTOR DE LA FORMACION DOCENTE;GLORIA INOSTROZA DE CELIS;1997;370.71;I 58;8626;
LA PRACTICA, MOTOR DE LA FORMACION DOCENTE;GLORIA INOSTROZA DE CELIS;1997;370.71;I 58;8627;
LA PSICOMOTRICIDAD EN EL JARDIN DE INFANTES;ALICIA ESPARZA;1997;372.21;E 77;6487;
LA PSICOMOTRICIDAD EN EL JARDIN DE INFANTES;ALICIA ESPARZA;1997;372.21;E 77;6786;
LA PSICOMOTRICIDAD EN EL JARDIN DE INFANTES;ALICIA ESPARZA;1997;372.21;E 77;6787;
LA PSICOMOTRICIDAD EN PREESCOLAR;MARIA JESUS COMELLAS;1990;372.21;C 732;1893;
LECTOESCRITURA. APRENDIZAJE INTEGRAL;MARIANA E. NARVARTE;2008;371;N 238.5l;13453;
LECTURA TEMPRANA;MABEL CONDEMARIN;1992;372.21;C 745;5073;
LENGUAJE ESCRITO Y DISLEXIAS;LUIS BRAVO VALDIVIESO;2005;371.9144;B 826;16503;
LENGUAJE Y DISLEXIAS. ENFOQUE COGNITIVO DEL RETARDO DEL LECTOR;LUIS BRAVO VALDIVIESO;1995;371.914.4;B 826;1804;
LIBERTAD Y CREATIVIDAD EN LA DECADA DE LOS OCHENTA;CARL R. ROGERS;1986;370.157;R 724;2541;
LIBERTAD Y CREATIVIDAD EN LA DECADA DE LOS OCHENTA;CARL R. ROGERS;1986;370.157;R 724;2542;
LOS NIÑOS CON NECESIDADES ESPECIALES = AFECTIVIDAD Y CONDUCTA;ADRIANA PEÑA DONOSO;1992;372.21;P 419l;8231;
LOS NIÑOS CON NECESIDADES ESPECIALES = AFECTIVIDAD Y CONDUCTA;ADRIANA PEÑA DONOSO;1992;372.21;P 419l;8786;
LOS NIÑOS CON NECESIDADES ESPECIALES = AFECTIVIDAD Y CONDUCTA;ADRIANA PEÑA DONOSO;1992;372.21;P 419l;8787;
LOS NIÑOS CON NECESIDADES ESPECIALES = AFECTIVIDAD Y CONDUCTA;ADRIANA PEÑA DONOSO;1992;372.21;P 419l;8788;
LOS NIÑOS CON NECESIDADES ESPECIALES = AFECTIVIDAD Y CONDUCTA;ADRIANA PEÑA DONOSO;1992;372.21;P 419l;8789;
LOS NIÑOS CON NECESIDADES ESPECIALES = AFECTIVIDAD Y CONDUCTA;ADRIANA PEÑA DONOSO;1992;372.21;P 419l;8790;
MALTRATO Y ABANDONO EN LA INFANCIA;A. MARTINEZ ROIG;1993;370;M 741m;7809;
MALTRATO Y ABANDONO EN LA INFANCIA;A. MARTINEZ ROIG;1993;370;M 741m;7812;
MANUAL DE EDUCACION DE PARVULOS;LINDA VOLOSKY;1995;372.21;V 929;8557;
MANUAL DE EDUCACION DE PARVULOS;LINDA VOLOSKY;1988;372.21;V 929;495;
MANUAL DE EJERCITACION PSICOMOTORA-POSTURAL;ANA ROSA DOWNEY;1988;155.412;D748;6376;
MANUAL DE EJERCITACION PSICOMOTORA-POSTURAL;ANA ROSA DOWNEY;1988;155.412;D748;6379;
MANUAL DE EJERCITACION PSICOMOTORA-POSTURAL;ANA ROSA DOWNEY;1988;155.412;D748;6381;
MANUAL DE EJERCITACION PSICOMOTORA-POSTURAL;ANA ROSA DOWNEY;1988;155.412;D748;6380;
MANUAL DE EJERCITACION PSICOMOTORA-POSTURAL;ANA ROSA DOWNEY;1988;155.412;D748;6377;
MANUAL DE EJERCITACION PSICOMOTORA-POSTURAL;ANA ROSA DOWNEY;1988;155.412;D748;6378;
MANUAL DE ESTIMULACION PREESCOLAR;ISABEL M. HAEUSSLER;2005;371.9;H 137;16611;
MANUAL DE ESTIMULACION PREESCOLAR niños de 2 a 6 años ;ISABEL M. HAEUSSLER;1989;372.218;H 137;2543;
MANUAL DE ESTIMULACION PREESCOLAR niños de 2 a 6 años ;ISABEL M. HAEUSSLER;1985;372.218;H 137m;8616;
MANUAL DE ESTIMULACION PREESCOLAR niños de 2 a 6 años ;ISABEL M. HAEUSSLER;1985;372.218;H 137m;8617;
MANUAL DE ESTIMULACION PREESCOLAR niños de 2 a 6 años ;ISABEL M. HAEUSSLER;1998;372.218;H 137m;8615;
MANUAL DE LA MAESTRA DE PREESCOLAR;MARCELA AGUILAR;2009;372.21;A 283.2mm;13568;
MANUAL DE LA PRUEBA DE FUNCIONES BASICAS;OLGA BERDICEWSKI DE WANBERG;1987;372.414;B 486;1994;
MANUAL DE LA PRUEBA DE FUNCIONES BASICAS;OLGA BERDICEWSKI DE WANBERG;1987;372.414;B 486;5088;
MANUAL DE LA PRUEBA DE PRECALCULO;NEVA MILICIC;1987;372.21;M 644m;1993;
MANUAL DE PSICOLOGIA EDUCACIONAL;VIOLETA ARANCIBIA C.;2000;370.15;A 662;8497;
MANUAL DE PSICOLOGIA EDUCACIONAL;VIOLETA ARANCIBIA C.;2000;370.15;A 662;8499;
MANUAL DE PSICOLOGIA EDUCACIONAL;VIOLETA ARANCIBIA C.;2000;370.15;A 662;8500;
MANUAL DE TEATRO ESCOLAR;JORGE DIAZ;1996;372.66;D 542;7423;
MANUAL DE TEATRO ESCOLAR;JORGE DIAZ;1996;372.66;D 542;7425;
MANUAL DE TEATRO ESCOLAR ;JORGE DIAZ ;1996;372.66;D542;7426;
MANUAL DE TEATRO ESCOLAR ;JORGE DIAZ ;1996;372.66;D542;7424;
MANUAL PARA LA EDUCACION DE PARVULOS;LINDA VOLOSKY;1988;372.21;V 929;2631;
MANUAL PARA LA EDUCACION DE PARVULOS;LINDA VOLOSKY;1988;372.21;V 929;8553;
MANUAL TEORICO PRACTICO DE INVESTIGACION SOCIAL;GLORIA EDEL MENDICOA;1998;370;M 537m;4966;
MANUAL TEORICO PRACTICO DE INVESTIGACION SOCIAL;GLORIA EDEL MENDICOA;1998;370;M 537m;4967;
MANUAL TEORICO PRACTICO DE INVESTIGACION SOCIAL;GLORIA EDEL MENDICOA;1998;370;M 537m;4968;
MATERIAL DIDACTICO. IDEAS PRACTICAS PARA SU DESARROLLO;RAYMOND V. WIMAN;1997;371.335;W 757;6573;
MATERIAL DIDACTICO. IDEAS PRACTICAS PARA SU DESARROLLO;RAYMOND V. WIMAN;1997;371.335;W 757;6574;
MATERIAL DIDACTICO. IDEAS PRACTICAS PARA SU DESARROLLO;RAYMOND V. WIMAN;1997;371.335;W 757;6575;
MATERIAL DIDACTICO. IDEAS PRACTICAS PARA SU DESARROLLO;RAYMOND V. WIMAN;1997;371.335;W 757;6576;
MATERIAL DIDACTICO. IDEAS PRACTICAS PARA SU DESARROLLO;RAYMOND V. WIMAN;1997;371.335;W 757;6577;
MATERIAL DIDACTICO. IDEAS PRACTICAS PARA SU DESARROLLO;RAYMOND V. WIMAN;1997;371.335;W 757;6578;
MEDICION Y EVALUACION DE RENDIMIENTO ESCOLAR;GLADYS RIQUELME DEL SOLAR;1994;371.26;R 594;1748;
MEDICION Y EVALUACION DE RENDIMIENTO ESCOLAR;GLADYS RIQUELME DEL SOLAR;1994;371.26;R 594;1749;
MEDICION Y EVALUACION DE RENDIMIENTO ESCOLAR;GLADYS RIQUELME DEL SOLAR;1994;371.26;R 594;1750;
METODOLOGIA ACTIVA;EDUARDO MURILLO UGARTE;1994;371.394.42;M 977;8424;
METODOLOGIA DE TRABAJO CON LAS NIÑAS Y NIÑOS PREESCOLARES;LEONOR CERDA DIAZ;2000;372.21.1;C 413m;13417;
METODOLOGIA DE TRABAJO CON LAS NIÑAS Y NIÑOS PREESCOLARES;LEONOR CERDA DIAZ;2000;372.21.1;C 413m;13418;
METODOLOGIA GENERAL DE LA ENSEÑANZA;SANTIAGO HERNANDEZ RUIZ;1949;370;H 557;3723;
METODOS DE INVESTIGACION EN PSICOPEDAGOGIA;LEONOR BUENDIA EISMAN;1998;370.05;B 928m;9944;
MITO Y EDUCACION;ROBERTO DONOSO TORRES;1999;370; D 687 ;9022;
MITO Y EDUCACION;ROBERTO DONOSO TORRES;1999;370; D 687 ;9250;
MITO Y EDUCACION;ROBERTO DONOSO TORRES;1999;370; D 687 ;9251;
MITO Y EDUCACION;ROBERTO DONOSO TORRES;1999;370; D 687 ;9252;
MOVIMIENTO Y RITMO JUEGO Y RECREACION;ERNST LDLA;1982;155.412;I 19;1989;
NIÑEZ Y DERECHOS;MARIA INES PERALTA;2000;372.21;P 426;6727;
NIÑEZ Y DERECHOS;MARIA INES PERALTA;2000;372.21;P 426;9213;
NIÑEZ Y DERECHOS;MARIA INES PERALTA;2000;372.21;P 426;9214;
NIÑEZ Y DERECHOS;MARIA INES PERALTA;2000;372.21;P 426;9831;
NIÑOS Y ADOLESCENTES;NORBERTO ALAYON;1997;372.21;A 324;7919;
NIÑOS Y ADOLESCENTES;NORBERTO ALAYON;1997;372.21;A 324;7920;
NIÑOS Y ADOLESCENTES;NORBERTO ALAYON;1997;372.21;A 324;9020;
NIÑOS Y ADOSLESCENTES;ALAYON NOLBERTO;1997;372.21;A324;7922;
NUEVA CAJITA DE SORPRESAS. MANUALIDADES DIDACTICAS;MARIA PASCUAL;2008;372.21;P 278.3cs;13570;
ORGANIZACIÓN Y ADMINISTRACION ESCOLAR;LOURENCO FILHO;1965;371.2;F 481;2645;
ORGANOLOGIA DEL FOLKLORE CHILENO;ALEJANDRO HENRIQUEZ;1973;398;H519;16630;
ORIENTACION EDUCACIONAL;EMA SALAS NEUMAN;1993;371.42;S 161;8353;
ORIENTACION EDUCACIONAL;EMA SALAS NEUMAN;1993;371.42;S 161;8354;
ORIENTACION EDUCACIONAL;EMA SALAS NEUMAN;1993;371.42;S 161;8355;
ORIENTACION EDUCACIONAL;EMA SALAS NEUMAN;1993;371.42;S 161;8756;
ORIENTACION EDUCACIONAL;EMA SALAS NEUMAN;1993;371.42;S 161;8757;
ORIENTACION EDUCACIONAL;EMA SALAS NEUMAN;1993;371.42;S 161;8758;
PEDAGOGIA DE LA ESCUELA INFANTIL;MARIO CARRETERO;1999;371.91;C 315p;10891;
PIN PIN SACA CUENTAS;NEVA MILICIC;1991;372.21;M 644;3673;
PIN PIN SACA CUENTAS;NEVA MILICIC;1991;372.21;M 644;3674;
PIN PIN SACA CUENTAS;NEVA MILICIC;1991;372.21;M 644;3675;
PIN PIN SACA CUENTAS;NEVA MILICIC;1991;372.21;M 644;3676;
PIN PIN SACA CUENTAS;NEVA MILICIC;1991;372.21;M 644;3677;
PIN PIN SACA CUENTAS;NEVA MILICIC;1991;372.21;M 644;3678;
PIN PIN SERAFIN;NEVA MILICIC;1996;372.21;M 644p;3688;
PIN PIN SERAFIN;NEVA MILICIC;1996;372.21;M 644p;4549;
PIN PIN SERAFIN;NEVA MILICIC;1996;372.21;M 644p;4554;
PIN PIN SERAFIN;NEVA MILICIC;1996;372.21;M 644p;4553;
PIN PIN SERAFIN;NEVA MILICIC;1996;372.21;M 644p;4552;
PIN PIN SERAFIN;NEVA MILICIC;1996;372.21;M 644p;4551;
PLANEAMIENTO EDUCACIONAL;MARIO LEYTON SOTO;1987;370.71;L 685;2578;
PLANEAMIENTO EDUCACIONAL;MARIO LEYTON SOTO;1987;370.71;L 685;2576;
PLANEAMIENTO EDUCACIONAL;MARIO LEYTON SOTO;1987;370.71;L 685;2577;
PLANEAMIENTO EDUCACIONAL;MARIO LEYTON SOTO;1987;370.71;L 685;2578;
PLANEAMIENTO EDUCACIONAL;MARIO LEYTON SOTO;1987;370.71;L 685;2580;
PLANIFICACION CURRICULAR;MARIA CECILIA ACEVEDO;1990;372.21;A 174p;9230;
PLANIFICACION DE SISTEMAS EDUCATIVOS;ROGER A. KAUFMAN;1990;371.3;K 21p;9928;
PLANIFICACION DEL CURRICULO;SYLVIA ALVAREZ RAMIREZ;1982;370.71;A 473;2588;
PLANIFICACION DEL CURRICULO;SYLVIA ALVAREZ RAMIREZ;1982;370.71;A 473;2586;
PLANIFICACION DEL CURRICULO;SYLVIA ALVAREZ RAMIREZ;1982;370.71;A 473;2587;
PLANIFICACION DEL CURRICULO;SYLVIA ALVAREZ RAMIREZ;1982;370.71;A 473;2589;
PLANIFICACION EN EL NIVEL DE TRANSICION DE EDUCACION PARVULARIA;MIN. DE EDUCACION;2005;372.21;A 175p;12609;
PLANIFICACION EN EL NIVEL DE TRANSICION DE EDUCACION PARVULARIA;MIN. DE EDUCACION;2005;372.21;A 175p;12610;
PLANIFICACIONES CREATIVAS PARA PARVULOS;FELISA JOPIA ALAYANA;2010;372.21;J 62.3pcp;13504;
POLITICA EDUCATIVA;ROGER GIROD;1981;370;G 526;3525;
POLITICA EDUCATIVA;ROGER GIROD;1981;370;G 526;3527;
PRIMER AÑO DE VIDA-MANUALES  DE ESTIMULACION;Mª ISABEL LIRA ;2000;155.412;L768;8734;
PRIMER AÑO DE VIDA-MANUALES  DE ESTIMULACION;Mª ISABEL LIRA ;1989;155.412;L768;2540;
PRIMER AÑO DE VIDA-MANUALES  DE ESTIMULACION;Mª ISABEL LIRA ;2000;155.412;L768;8738;
PRIMER AÑO DE VIDA-MANUALES  DE ESTIMULACION;Mª ISABEL LIRA ;2000;155.412;L768;8737;
PRIMER SIMPOSIOS NACIONAL. DESAFIOS PARA EL DESARROLLO INTEGRAL DEL PARVULO EN EL CHILE ACTUAL: EQUIDAD, CALIDAD Y COBERTURA;JUNTA NACIONAL DE JARDINES INFANTILES;1990;372.21;J 95;2665;
PROGRAMA DE ACTIVIDADES DE LOS JARDINES DE INFANTES;P. SMITH HILL;1960;372.218;P 963;1;
PROGRAMACION DE AULA Y ADECUACION CURRICULAR;IGNASI PUIGDELLIVOL;2000;372.9;P 979c;4196;
PROGRAMACION DE AULA Y ADECUACION CURRICULAR;IGNASI PUIGDELLIVOL;2000;372.9;P979p;4191;
PROGRAMACION DE AULA Y ADECUACION CURRICULAR;IGNASI PUIGDELLIVOL;2000;372.9;P979p;4193;
PROGRAMACION DE AULA Y ADECUACION CURRICULAR;IGNASI PUIGDELLIVOL;2000;372.9;P979p;4190;
PROGRAMACION DE AULA Y ADECUACION CURRICULAR;IGNASI PUIGDELLIVOL;2000;372.9;P979p;4195;
PROGRAMACION DE AULA Y ADECUACION CURRICULAR;IGNASI PUIGDELLIVOL;2000;372.9;P979p;4197;
PROGRAMACION DE AULA Y ADECUACION CURRICULAR;IGNASI PUIGDELLIVOL;2000;372.9;P979p;4194;
PROGRAMACION DE AULA Y ADECUACION CURRICULAR;IGNASI PUIGDELLIVOL;2000;372.9;P979p;4201;
PROGRAMACION DE AULA Y ADECUACION CURRICULAR;IGNASI PUIGDELLIVOL;2000;372.9;P979p;4199;
PROGRAMACION DE AULA Y ADECUACION CURRICULAR;IGNASI PUIGDELLIVOL;2000;372.9;P979p;4198;
PROGRAMAS DE PREVENCION E INTERVENCION COMUNITARIA;ALIPIO SANCHEZ VIDAL;1993;370;S 199p;7838;
PSICOLOGIA EDUCATIVA;DAVID P. AUSUBEL;1995;370.15;A 938;4082;
PSICOLOGIA EDUCATIVA;ANITA E. WOOLFOLK;1999;370;V 863p;4970;
PSICOLOGIA EDUCATIVA;ANITA E. WOOLFOLK;1999;370;V 863p;4971;
PSICOLOGIA EDUCATIVA;ANITA E. WOOLFOLK;1999;370;V 863p;4973;
PSICOLOGIA EDUCATIVA CONTEMPORANEA;THOMAS L. GOOD;1995;370.15;G 578p;4985;
PSICOLOGIA EDUCATIVA CONTEMPORANEA;THOMAS L. GOOD;1995;370.15;G 578p;4986;
PSICOMOTRICIDAD EN PREESCOLAR ;Mª JESUS COMELLAS;1990;372.21;C732;1894;
REFORMA CURRICULAR DE LA EDUCACION PARVULARIA;F. FAUNDEZ;2000;370.72;F 258r;10613;
REFORMA CURRICULAR DE LA EDUCACION PARVULARIA;F. FAUNDEZ;2002;370.72;F 258r;10616;
REFORMA CURRICULAR DE LA EDUCACION PARVULARIA;F. FAUNDEZ;2002;370.72;F 258r;10614;
SEGUNDO AÑO DE VIDA- MANUALES DE ESTIMULACION;Mª ISABEL LIRA ;2000;155.412;L687m;8953;
SEGUNDO AÑO DE VIDA- MANUALES DE ESTIMULACION;Mª ISABEL LIRA ;2000;155.412;L687m;8952;
SEGUNDO AÑO DE VIDA- MANUALES DE ESTIMULACION;Mª ISABEL LIRA ;2000;155.412;L687m;8956;
SEMILLITA. TEXTO PARA EL PARVULO 5 - 6 AÑOS;ANA MARIA ISLA MORAGA;1985;372.21;I 82;3721;
SIMON ENSEÑA A PENSAR;Mª  DEL C, RENCORET;1991;372.21;R 396s;3753;
SIMON ENSEÑA A PENSAR;Mª  DEL C, RENCORET;1991;372.21;R 396s;3754;
SIMON ENSEÑA A PENSAR;Mª  DEL C, RENCORET;1991;372.21;R 396s;3751;
SIMON ENSEÑA A PENSAR;Mª  DEL C, RENCORET;1991;372.21;R 396s;3752;
SIMON Y LOS NUMEROS;MARIA LUZ LIRA;1991;372.21;L 768;3689;
SIMON Y LOS NUMEROS;MARIA LUZ LIRA;1991;372.21;L 768;3690;
SIMON Y LOS NUMEROS;MARIA LUZ LIRA;1989;372.21;L 768;3691;
SIMON Y LOS NUMEROS;MARIA LUZ LIRA;1989;372.21;L 768;3692;
SONRISITAS;LUCIA SANDOVAL G.;1993;372.21;S 218;1662;
;;;;;;
SUGERENCIAS DE ESTIMULACION PARA NIÑOS DE 0 A 2 AÑOS;MARIA ISABEL DIAZ;1996;155.422;D542;8130;
SUGERENCIAS DE ESTIMULACION PARA NIÑOS Y NIÑAS DE 2 A 4 AÑOS;MARIA ISABEL DIAZ;2000;155.422;D542S;8414;
SUGERENCIAS DE ESTIMULACION PARA NIÑOS Y NIÑAS DE 2 A 4 AÑOS;MARIA ISABEL DIAZ;2000;155.422;D542S;8415;
TALLER DE TITERES;ROSITA ESCALADA;1993;372.21;E74;3460;
TALLERES PEDAGOGICOS;GLORIA INOSTROZA DE CELIS;1996;370.71;I 58t;8629;
TALLERES PEDAGOGICOS;GLORIA INOSTROZA DE CELIS;1996;370.71;I 58t;8630;
TALLERES PEDAGOGICOS;GLORIA INOSTROZA DE CELIS;1996;370.71;I 58t;8631;
TAXONOMIA DE LOS OBJETIVOS DE LA EDUCACION;BENJAMIN S. BLOOM;1990;370.11;B 655;1836;
TEATRO INFANTIL ;SAUL SCHKOLNIK;1994;372.66;S337;8336;
TEATRO INFANTIL ;SAUL SCHKOLNIK;1994;372.66;S337;8335;
TEATRO INFANTIL ;SAUL SCHKOLNIK;1994;372.66;S337;8334;
TEATRO INFANTIL ;SAUL SCHKOLNIK;1994;372.66;S337;8333;
TEATRO INFANTIL ;SAUL SCHKOLNIK;1994;372.66;S337;8332;
TEATRO INFANTIL ;SAUL SCHKOLNIK;1994;372.66;S337;8331;
TECNICAS EDUCATIVAS;CONCEPCION SERRANO HERRERA;1989;370.04;S 481t;10059;
TECNICAS EDUCATIVAS;CONCEPCION SERRANO HERRERA;1989;370.04;S 481t;10060;
TEMAS RELEVANTES EN EVALUACION DE CURRICULO;ARIEH LEWY;1988;370.71;L 678;8425;
TEMAS RELEVANTES EN EVALUACION DE CURRICULO;ARIEH LEWY;1988;370.71;L 678;8426;
TEMAS RELEVANTES EN EVALUACION DE CURRICULO;ARIEH LEWY;1988;370.71;L 678;8427;
TEORIAS DE LA EDUCACION ;JAMES BOWEN;1993;370.1;B 786;3494;
TEORIAS DE LA EDUCACION ;JAMES BOWEN;1993;370.1;B 786;3495;
TEORIAS DEL APRENDIZAJE PARA EL DOCENTE;CLIFTON CHADWICK;1983;371.122;C 432;2573;
TERCER SIMPOSIO NACIONAL. UNA ATENCION PARVULARIA DE CALIDAD PARA EL NUEVO MUNDO;JUNTA NACIONAL DE JARDINES INFANTILES;1992;372.21;J 95t;2667;
TEST DE CLOZE. APLICACIONES SICOPEDAGOGICAS;MABEL CONDEMARIN;1988;371.26;C 745;1995;
TESTS PSICOLOGICOS;ANNE ANASTASI;1998;371.22;A 534t;10843;
TRASTORNOS DE APRENDIZAJE Y DE LA CONDUCTA ESCOLAR;LUIS BRAVO VALDIVIESO;1980;371.93;B826;16628;
UNA PREGUNTA PARA CADA DIA;SUSAETA EDICIONES;1980;372.21;S 964;1644;
UNIDADES DE ORIENTACION EDUCACIONAL. 1;IAN A. BERNARD M.;1989;371.42;B 521;3534;
UNIDADES DE ORIENTACION EDUCACIONAL. 2;IAN A. BERNARD M.;1989;371.42;B 521e;3535;
UNIDADES DE ORIENTACION EDUCACIONAL. 2;IAN A. BERNARD M.;1989;371.42;B 521t;3536;
UNO, DOS, TRES…LETRAS Y NUMEROS DE UNA VEZ;PAZ BAEZA B.;1998;372.21;B 141;8487;
UNO, DOS, TRES…LETRAS Y NUMEROS DE UNA VEZ;PAZ BAEZA B.;1998;372.21;B 141;8488;
UNO, DOS, TRES…LETRAS Y NUMEROS DE UNA VEZ;PAZ BAEZA B.;1998;372.21;B 141;8489;
UNO, DOS, TRES…LETRAS Y NUMEROS DE UNA VEZ;PAZ BAEZA B.;1998;372.21;B 141;8490;
UNO, DOS, TRES…LETRAS Y NUMEROS DE UNA VEZ;PAZ BAEZA B.;1998;372.21;B 141;8491;
VENTANAS A NUESTROS NIÑOS;VIOLET OAKLANDER;2009;372.21;O 11.7vnn;13499;
VENTANAS A NUESTROS NIÑOS;VIOLET OAKLANDER;2009;372.21;O 11.7vnn;13500;
VIGOTSKY Y EL APRENDIZAJE ESCOLAR;RICARDO BAQUERO;1997;370.152;B 222;5190;
MANUAL DE PSICOLOGIA EDUCACIONAL;VIOLETA ARANCIBIA;1997;370.15;A 662;8498;
PSICOLOGIA EDUCATICA. UN PUNTO DE VISTA COGNOSCITUVO;DAVID P. AUSABEL;1997;370.15;A 938;5188;
LA ANIMACION Y LOS ANIMADORES;EZEQUIEL ANDER-EGG;1992;370.19;AN22;7646;
;;;;;;
;;;;;;
;;;;;;
MAPAS DE PROGRESO DEL APRENDIZAJE-COMPLEMENTO A BASES CURRIC.;MINISTERIO DE EDUCACION CHILE;2008;372.21;M665.17m;13576;
MAPAS DE PROGRESO DEL APRENDIZAJE-COMPLEMENTO A BASES CURRIC.;MINISTERIO DE EDUCACION CHILE;2008;372.21;M665.17m;13574;
MAPAS DE PROGRESO DEL APRENDIZAJE-COMPLEMENTO A BASES CURRIC.;MINISTERIO DE EDUCACION CHILE;2008;372.21;M665.17m;13567;
MAPAS DE PROGRESO DEL APRENDIZAJE-COMPLEMENTO A BASES CURRIC.;MINISTERIO DE EDUCACION CHILE;2008;372.21;M665.17m;13577;
MAPAS DE PROGRESO DEL APRENDIZAJE-COMPLEMENTO A BASES CURRIC.;MINISTERIO DE EDUCACION CHILE;2008;372.21;M665.17m;13575;
BASES CURRICULARES;MARIANA AYLWIN;2002;372.21;A978b;13331;
BASES CURRICULARES;MARIANA AYLWIN;2002;372.21;A978b;11197;
BASES CURRICULARES;MARIANA AYLWIN;2005;372.21;A978b;13763;
BASES CURRICULARES;MARIANA AYLWIN;2005;372.21;A978b;13764;
BASES CURRICULARES;MARIANA AYLWIN;2005;372.21;A978b;13765;
BASES CURRICULARES;MARIANA AYLWIN;2002;372.21;A978b;11194;
BASES CURRICULARES;MARIANA AYLWIN;2002;372.21;A978b;13336;
BASES CURRICULARES;MARIANA AYLWIN;2002;372.21;A978b;13335;
BASES CURRICULARES;MARIANA AYLWIN;2003;372.21;P426b;12608;
;;;;;;
PROGRAMA PEDAGOGICO -PRIMER NIVEL DE TRANSICION;MINISTERIO DE EDUCACION CHILE;2008;372.21;M665pr:n:t;13515;
PROGRAMA PEDAGOGICO -PRIMER NIVEL DE TRANSICION;MINISTERIO DE EDUCACION CHILE;2008;372.21;M665pr:n:t;13514;
PROGRAMA PEDAGOGICO -PRIMER NIVEL DE TRANSICION;MINISTERIO DE EDUCACION CHILE;2008;372.21;M665pr:n:t;13516;
PROGRAMA PEDAGOGICO -PRIMER NIVEL DE TRANSICION;MINISTERIO DE EDUCACION CHILE;2008;372.21;M665pr:n:t;13520;
PROGRAMA PEDAGOGICO -PRIMER NIVEL DE TRANSICION;MINISTERIO DE EDUCACION CHILE;2008;372.21;M665pr:n:t;13519;
PROGRAMA PEDAGOGICO -PRIMER NIVEL DE TRANSICION;MINISTERIO DE EDUCACION CHILE;2008;372.21;M665pr:n:t;13517;
PROGRAMA PEDAGOGICO -PRIMER NIVEL DE TRANSICION;MINISTERIO DE EDUCACION CHILE;2008;372.21;M665pr:n:t;13513;
PROGRAMA PEDAGOGICO -PRIMER NIVEL DE TRANSICION;MINISTERIO DE EDUCACION CHILE;2008;372.21;M665pr:n:t;13518;
PROGRAMA PEDAGOGICO-SEGUNDO NIVEL DE TRANSICION;MINISTERIO DE EDUCACION CHILE;2008;372.21;M.665se:n:t:;13526;
PROGRAMA PEDAGOGICO-SEGUNDO NIVEL DE TRANSICION;MINISTERIO DE EDUCACION CHILE;2008;372.21;M.665se:n:t:;13525;
PROGRAMA PEDAGOGICO-SEGUNDO NIVEL DE TRANSICION;MINISTERIO DE EDUCACION CHILE;2008;372.21;M.665se:n:t:;13524;
PROGRAMA PEDAGOGICO-SEGUNDO NIVEL DE TRANSICION;MINISTERIO DE EDUCACION CHILE;2008;372.21;M.665se:n:t:;13528;
PROGRAMA PEDAGOGICO-SEGUNDO NIVEL DE TRANSICION;MINISTERIO DE EDUCACION CHILE;2008;372.21;M.665se:n:t:;13523;
PROGRAMA PEDAGOGICO-SEGUNDO NIVEL DE TRANSICION;MINISTERIO DE EDUCACION CHILE;2008;372.21;M.665se:n:t:;13522;
PROGRAMA PEDAGOGICO-SEGUNDO NIVEL DE TRANSICION;MINISTERIO DE EDUCACION CHILE;2008;372.21;M.665se:n:t:;13521;
PROGRAMA PEDAGOGICO-SEGUNDO NIVEL DE TRANSICION;MINISTERIO DE EDUCACION CHILE;2008;372.21;M.665se:n:t:;13527;
;;;;;;
;;;;;;
;;;;;;
;;;;;;
;;;;;;
;;;;;;
;;;;;;
;;;;;;
;;;;;;
;;;;;;
;;;;;;
;;;;;;
;;;;;;
;;;;;;
;;;;;;
;;;;;;
;;;;;;
;;;;;;
;;;;;;
;;;;;;
;;;;;;
;;;;;;
;;;;;;
;;;;;;
;;;;;;
;;;;;;
;;;;;;
;;;;;;
;;;;;;
;;;;;;
;;;;;;
;;;;;;
;;;;;;
;;;;;;
;;;;;;
;;;;;;
;;;;;;
;;;;;;
;;;;;;
;;;;;;
;;;;;;
;;;;;;
;;;;;;
;;;;;;
;;;;;;
;;;;;;
;;;;;;
;;;;;;
;;;;;;
;;;;;;
;;;;;;
;;;;;;
;;;;;;
;;;;;;
;;;;;;
;;;;;;
;;;;;;
;;;;;;
;;;;;;
;;;;;;
;;;;;;
;;;;;;
;;;;;;
;;;;;;
;;;;;;
;;;;;;
;;;;;;
;;;;;;
;;;;;;
;;;;;;
;;;;;;
;;;;;;
;;;;;;
;;;;;;
;;;;;;
;;;;;;
;;;;;;
;;;;;;
;;;;;;
;;;;;;
;;;;;;
;;;;;;
;;;;;;
;;;;;;
;;;;;;
;;;;;;
;;;;;;
;;;;;;
;;;;;;
;;;;;;
;;;;;;
;;;;;;
;;;;;;
;;;;;;
;;;;;;
;;;;;;
;;;;;;
;;;;;;
;;;;;;
;;;;;;
;;;;;;
;;;;;;
;;;;;;
;;;;;;
;;;;;;
;;;;;;
;;;;;;
;;;;;;
;;;;;;
;;;;;;
;;;;;;
;;;;;;
;;;;;;
;;;;;;
;;;;;;
;;;;;;
;;;;;;
;;;;;;
;;;;;;
;;;;;;
;;;;;;
;;;;;;
;;;;;;
;;;;;;
;;;;;;
;;;;;;
;;;;;;
;;;;;;
;;;;;;
;;;;;;
;;;;;;
;;;;;;
;;;;;;
;;;;;;
;;;;;;
;;;;;;
;;;;;;
;;;;;;
;;;;;;
;;;;;;
;;;;;;
;;;;;;
;;;;;;
;;;;;;
;;;;;;
;;;;;;
;;;;;;
;;;;;;
;;;;;;
;;;;;;
;;;;;;
;;;;;;
;;;;;;
;;;;;;
;;;;;;
;;;;;;
;;;;;;
;;;;;;
;;;;;;
;;;;;;
;;;;;;
;;;;;;
;;;;;;
;;;;;;
;;;;;;
;;;;;;
;;;;;;
;;;;;;
;;;;;;
;;;;;;
;;;;;;
;;;;;;
;;;;;;
;;;;;;
;;;;;;
;;;;;;
;;;;;;
;;;;;;
;;;;;;
;;;;;;
;;;;;;
;;;;;;
;;;;;;
;;;;;;
;;;;;;
;;;;;;
;;;;;;
;;;;;;
;;;;;;
;;;;;;
;;;;;;
;;;;;;
;;;;;;
;;;;;;
;;;;;;
;;;;;;
;;;;;;
;;;;;;
;;;;;;
;;;;;;
;;;;;;
;;;;;;
;;;;;;
;;;;;;
;;;;;;
;;;;;;
;;;;;;
;;;;;;
;;;;;;
;;;;;;
;;;;;;
;;;;;;
;;;;;;
;;;;;;
;;;;;;
;;;;;;
;;;;;;
;;;;;;
;;;;;;
;;;;;;
;;;;;;
;;;;;;
;;;;;;
;;;;;;
;;;;;;
;;;;;;
;;;;;;
;;;;;;
;;;;;;
;;;;;;
;;;;;;
;;;;;;
;;;;;;
;;;;;;
;;;;;;
;;;;;;
;;;;;;
;;;;;;
;;;;;;
;;;;;;
;;;;;;
;;;;;;
;;;;;;
;;;;;;
;;;;;;
;;;;;;
;;;;;;
;;;;;;
;;;;;;
;;;;;;
;;;;;;
;;;;;;
;;;;;;
;;;;;;
;;;;;;
;;;;;;
;;;;;;
;;;;;;
;;;;;;
;;;;;;
;;;;;;
;;;;;;
;;;;;;
;;;;;;
;;;;;;
;;;;;;
;;;;;;
;;;;;;
;;;;;;
;;;;;;
;;;;;;
;;;;;;
;;;;;;
;;;;;;
;;;;;;
;;;;;;
;;;;;;
;;;;;;
;;;;;;
;;;;;;
;;;;;;
;;;;;;
;;;;;;
;;;;;;
;;;;;;
;;;;;;
;;;;;;
;;;;;;
;;;;;;
;;;;;;
;;;;;;
;;;;;;
;;;;;;
;;;;;;
;;;;;;
;;;;;;
;;;;;;
;;;;;;
;;;;;;
;;;;;;
;;;;;;
;;;;;;
;;;;;;
;;;;;;
;;;;;;
;;;;;;
;;;;;;
;;;;;;
;;;;;;
;;;;;;
;;;;;;
;;;;;;
;;;;;;
;;;;;;
;;;;;;
;;;;;;
;;;;;;
;;;;;;
;;;;;;
;;;;;;
;;;;;;
;;;;;;
;;;;;;
;;;;;;
;;;;;;
;;;;;;
;;;;;;
;;;;;;
;;;;;;
;;;;;;
;;;;;;
;;;;;;
;;;;;;
;;;;;;
;;;;;;
;;;;;;
;;;;;;
;;;;;;
;;;;;;
;;;;;;
;;;;;;
;;;;;;
;;;;;;
;;;;;;
;;;;;;
;;;;;;
;;;;;;
;;;;;;
;;;;;;
;;;;;;
;;;;;;
;;;;;;
;;;;;;
;;;;;;
;;;;;;
;;;;;;
;;;;;;
;;;;;;
;;;;;;
;;;;;;
;;;;;;
;;;;;;
;;;;;;
;;;;;;
;;;;;;
;;;;;;
;;;;;;
;;;;;;
;;;;;;
;;;;;;
;;;;;;
;;;;;;
;;;;;;
;;;;;;
;;;;;;
;;;;;;
;;;;;;
;;;;;;
;;;;;;
;;;;;;
;;;;;;
;;;;;;
;;;;;;
;;;;;;
;;;;;;
;;;;;;
;;;;;;
;;;;;;
;;;;;;
;;;;;;
;;;;;;
;;;;;;
;;;;;;
;;;;;;
;;;;;;
;;;;;;
;;;;;;
;;;;;;
;;;;;;
;;;;;;
;;;;;;
;;;;;;
;;;;;;
;;;;;;
;;;;;;
;;;;;;
;;;;;;
;;;;;;
;;;;;;
;;;;;;
;;;;;;
;;;;;;
;;;;;;
;;;;;;
;;;;;;
;;;;;;
;;;;;;
;;;;;;
;;;;;;
;;;;;;
;;;;;;
;;;;;;
;;;;;;
;;;;;;
;;;;;;
;;;;;;
;;;;;;
;;;;;;
;;;;;;
;;;;;;
;;;;;;
;;;;;;
;;;;;;
;;;;;;
;;;;;;
;;;;;;
;;;;;;
;;;;;;
;;;;;;
;;;;;;
;;;;;;
;;;;;;
;;;;;;
;;;;;;
;;;;;;
;;;;;;
;;;;;;
;;;;;;
;;;;;;
;;;;;;
;;;;;;
;;;;;;
;;;;;;
;;;;;;
;;;;;;
;;;;;;
;;;;;;
;;;;;;
;;;;;;
;;;;;;
;;;;;;
;;;;;;
;;;;;;
;;;;;;
;;;;;;
;;;;;;
;;;;;;
;;;;;;
;;;;;;
;;;;;;
;;;;;;
;;;;;;
;;;;;;
;;;;;;
;;;;;;
;;;;;;
;;;;;;
;;;;;;
;;;;;;
;;;;;;
;;;;;;
;;;;;;
;;;;;;
;;;;;;
;;;;;;
;;;;;;
;;;;;;
;;;;;;
;;;;;;
;;;;;;
;;;;;;
;;;;;;
;;;;;;
;;;;;;
;;;;;;
;;;;;;
;;;;;;
;;;;;;
;;;;;;
;;;;;;
;;;;;;
;;;;;;
;;;;;;
;;;;;;
;;;;;;
;;;;;;
;;;;;;
;;;;;;
;;;;;;
;;;;;;
;;;;;;
;;;;;;
;;;;;;
;;;;;;
;;;;;;
;;;;;;
;;;;;;
;;;;;;
;;;;;;
;;;;;;
;;;;;;
;;;;;;
;;;;;;
;;;;;;
;;;;;;
;;;;;;
;;;;;;
;;;;;;
;;;;;;
;;;;;;
;;;;;;
;;;;;;
;;;;;;
;;;;;;
;;;;;;
;;;;;;
;;;;;;
;;;;;;
;;;;;;
;;;;;;
;;;;;;
;;;;;;
;;;;;;
;;;;;;
;;;;;;
;;;;;;
;;;;;;
;;;;;;
;;;;;;
;;;;;;
;;;;;;
;;;;;;
;;;;;;
;;;;;;
;;;;;;
;;;;;;
;;;;;;
;;;;;;
;;;;;;
;;;;;;
;;;;;;
;;;;;;
;;;;;;
;;;;;;
;;;;;;
;;;;;;
;;;;;;
;;;;;;
;;;;;;
;;;;;;
;;;;;;
;;;;;;
;;;;;;
;;;;;;
;;;;;;
;;;;;;
;;;;;;
;;;;;;
;;;;;;
;;;;;;
;;;;;;
;;;;;;
;;;;;;
;;;;;;
;;;;;;
;;;;;;
;;;;;;
;;;;;;
;;;;;;
;;;;;;
;;;;;;
;;;;;;
;;;;;;
;;;;;;
;;;;;;
;;;;;;
;;;;;;
;;;;;;
;;;;;;
;;;;;;
;;;;;;
;;;;;;
;;;;;;
;;;;;;
;;;;;;
;;;;;;
;;;;;;
;;;;;;
;;;;;;
;;;;;; 
