CALCULO;DEBORAH HUGHES-H-;2007;514;H894;14235
CALCULO;SERGE LANG;1990;514;L269;618
CALCULO;SERGE LANG;1990;514;L269;927
CALCULO;SERGE LANG;1990;514;L269;619
CALCULO;SERGE LANG;1990;514;L269;925
CALCULO;SERGE LANG;1990;514;L269;5152
CALCULO;SERGE LANG;1990;514;L269;616
CALCULO;SERGE LANG;1990;514;L269;617
CALCULO;SERGE LANG;1990;514;L269;621
CALCULO DIFERENCIAL E INTEGRAL;FRANK AYRES -ELLIOT MENDELSON;1994;514.3;A985;337
CALCULO DIFERENCIAL E INTEGRAL;FRANK AYRES -ELLIOT MENDELSON;1994;514.3;A985;331
CALCULO DIFERENCIAL E INTEGRAL;FRANK AYRES -ELLIOT MENDELSON;1994;514.3;A985;340
CALCULO DIFERENCIAL E INTEGRAL;FRANK AYRES -ELLIOT MENDELSON;1994;514.3;A985;333
CALCULO DIFERENCIAL E INTEGRAL;FRANK AYRES -ELLIOT MENDELSON;1994;514.3;A985;330
CALCULO DIFERENCIAL E INTEGRAL;FRANK AYRES -ELLIOT MENDELSON;1994;514.3;A985;335
CALCULO DIFERENCIAL E INTEGRAL;FRANK AYRES -ELLIOT MENDELSON;1994;514.3;A985;338
CALCULO DIFERENCIAL E INTEGRAL;FRANK AYRES -ELLIOT MENDELSON;1994;514.3;A985;332
CALCULO DIFERENCIAL E INTEGRAL;FRANK AYRES -ELLIOT MENDELSON;1994;514.3;A985;328
CALCULO DIFERENCIAL E INTEGRAL;FRANK AYRES -ELLIOT MENDELSON;1994;514.3;A985;339
CALCULO DIFERENCIAL E INTEGRAL;FRANK AYRES -ELLIOT MENDELSON;1994;514.3;A985;344
CALCULO DIFERENCIAL E INTEGRAL;FRANK AYRES -ELLIOT MENDELSON;1994;514.3;A985;341
CALCULO DIFERENCIAL E INTEGRAL;FRANK AYRES -ELLIOT MENDELSON;1994;514.3;A985;343
CALCULO DIFERENCIAL E INTEGRAL;FRANK AYRES -ELLIOT MENDELSON;1994;514.3;A985;342
CALCULO DIFERENCIAL E INTEGRAL;FRANK AYRES -ELLIOT MENDELSON;1994;514.3;A985;4179
CALCULO DIFERENCIAL E INTEGRAL;FRANK AYRES -ELLIOT MENDELSON;1994;514.3;A985;329
CALCULO DIFERENCIAL E INTEGRAL;FRANK AYRES -ELLIOT MENDELSON;1994;514.3;A985;326
CALCULO DIFERENCIAL E INTEGRAL;FRANK AYRES -ELLIOT MENDELSON;1994;514.3;A985;325
CALCULO DIFERENCIAL E INTEGRAL;FRANK AYRES -ELLIOT MENDELSON;1994;514.3;A985;324
CALCULO DIFERENCIAL E INTEGRAL;FRANK AYRES -ELLIOT MENDELSON;1994;514.3;A985;336
ECUACIONES DIFERENCIALES;FRANK AYRES,  Jr;1991;514.35;A977;1745
SERIE SCHAUM -ECUACIONES DIFERENCIALES;FRANK AYRES JR.;1970;514.35;A977;2841
SERIE SCHAUM -ECUACIONES DIFERENCIALES;FRANK AYRES JR.;1970;514.35;A977;2842
SERIE SCHAUM -ECUACIONES DIFERENCIALES;FRANK AYRES JR.;1970;514.35;A977;2843
SERIE SCHAUM -ECUACIONES DIFERENCIALES;FRANK AYRES JR.;1970;514.35;A977;2844
SERIE SCHAUM -ECUACIONES DIFERENCIALES;FRANK AYRES JR.;1970;514.35;A977;2845
SERIE SCHAUM -ECUACIONES DIFERENCIALES;FRANK AYRES JR.;1970;514.35;A977;2846
SERIE SCHAUM -ECUACIONES DIFERENCIALES;FRANK AYRES JR.;1970;514.35;A977;2847
SERIE SCHAUM -ECUACIONES DIFERENCIALES;FRANK AYRES JR.;1970;514.35;A977;2848
CALCULUS VOLUMEN 1;TOMAS M. APOSTOL;1989;515;A645ca;7624
CALCULUS VOLUMEN 2;TOMAS M. APOSTOL;1989;515;A645ca;2060
CALCULUS VOLUMEN 1;TOMAS M. APOSTOL;1989;515;A645ca;7623
CALCULUS VOLUMEN 2;TOMAS M. APOSTOL;1989;515;A645ca;7621
CALCULUS VOLUMEN 1;TOMAS M. APOSTOL;1989;515;A645ca;2059
CALCULUS VOLUMEN 2;TOMAS M. APOSTOL;1989;515;A645ca;7622
CALCULO AVANZADO;WATSON FULKS;1991;515;F964;6530
CALCULO AVANZADO;WATSON FULKS;1991;515;F964;6531
CALCULO APLICADO para Administr. Economía-Contaduría- y Ciencias Sociales;LAURENCE D. HOFFMANN;1985;515;H711;2868
CALCULO APLICADO para Administr. Economía-Contaduría- y Ciencias Sociales;LAURENCE D. HOFFMANN;1985;515;H711;2867
CALCULO SUPERIOR;MURRAY R. SPIEGEL;1991;515;S755;359
CALCULO SUPERIOR;MURRAY R. SPIEGEL;1991;515;S755;358
CALCULO SUPERIOR;MURRAY R. SPIEGEL;1993;515;S755;363
CALCULO SUPERIOR;MURRAY R. SPIEGEL;1993;515;S755;368
CALCULO SUPERIOR;MURRAY R. SPIEGEL;1999;515;S755;7215
CALCULO SUPERIOR;MURRAY R. SPIEGEL;1993;515;S755;366
CALCULO SUPERIOR;MURRAY R. SPIEGEL;1993;515;S755;365
CALCULO SUPERIOR;MURRAY R. SPIEGEL;1999;515;S755;7214
CALCULO SUPERIOR;MURRAY R. SPIEGEL;1999;515;S755;7216
CALCULO SUPERIOR;MURRAY R. SPIEGEL;1993;515;S755;360
CALCULO SUPERIOR;MURRAY R. SPIEGEL;1993;515;S755;361
SERIE SCHAUM -CALCULO SUPERIOR;MURRAY R. SPIEGEL;1990;515;S755;354
SERIE SCHAUM -CALCULO SUPERIOR;MURRAY R. SPIEGEL;1990;515;S755;355
SERIE SCHAUM -CALCULO SUPERIOR;MURRAY R. SPIEGEL;1990;515;S755;356
THEORY and PROBLEMS of ADVANCED CALCULUS;MURRAY R. SPIEGEL;1962;515;S755ac;352
CALCULO-TRASCENDENTES  TEMPRANAS;JAMES STEWART;1998;515;S799c;3561
CALCULO-TRASCENDENTES  TEMPRANAS;JAMES STEWART;1998;515;S799c;356
EL CALCULO CON GEOMETRIA ANALITICA;LOUIS LEITHOLD;1997;515,15;L533;7066
EL CALCULO CON GEOMETRIA ANALITICA;LOUIS LEITHOLD;1994;515,15;L533;960
EL CALCULO   E C 7 ;LOUIS LEITHOLD;2010;515.15;L533 c;14307
EL CALCULO   E C 7 ;LOUIS LEITHOLD;1998;515.15;L533 c;7224
INTRODUCCION AL CALCULO CON GEOMETRIA  ANALITICA;EARL W. SWOKOWSKI;1994;515.15;S979;964
CALCULO CON GEOMETRIA ANALITICA VOL. 1;THOMAS / FINNEY;1987;515.15;T456c;914
CALCULO CON GEOMETRIA ANALITICA VOL. 1;THOMAS / FINNEY;1987;515.15;T456c;917
CALCULO CON GEOMETRIA ANALITICA VOL. 2;THOMAS / FINNEY;1987;515.15;T456c;923
CALCULO CON GEOMETRIA ANALITICA VOL. 2;THOMAS / FINNEY;1987;515.15;T456c;922
CALCULO CON GEOMETRIA ANALITICA VOL. 2;THOMAS / FINNEY;1987;515.15;T456c;924
CALCULO UNA VARIABLE;THOMAS / FINNEY;1998;515.15;T456cu;9040
CALCULO UNA VARIABLE;THOMAS / FINNEY;1998;515.15;T456cu;6358
CALCULO UNA VARIABLE;THOMAS / FINNEY;1998;515.15;T456cu;6360
CALCULO CON GEOMETRIA ANALITICA;DENNIS G. ZILL;1994;515.15;Z69;939
CALCULO CON GEOMETRIA ANALITICA;DENNIS G. ZILL;1994;515.15;Z69;937
CALCULO CON GEOMETRIA ANALITICA;DENNIS G. ZILL;1994;515.15;Z69;938
INTRODUCCION AL ANALISIS DE SISTEMAS DINAMICOS;GONZALO EDWARDS G:;2000;515.3;E26i;9357
CALCULO DIFERENCIAL E INTEGRAL;N.PISKUNOV;1994;515.33;P677;3364
CALCULO  VOLUMEN 2;LARSON;1995;515.5;L334c;784
CALCULO  VOLUMEN 2;LARSON;1995;515.5;L334c;781
CALCULO CON GEOMETRIA ANALITICA;EDWARDS Y PENNEY;1997;515.5;E26;7456
CALCULO CON GEOMETRIA ANALITICA;EDWARDS Y PENNEY;1997;515.5;E26;7455
CALCULO CON GEOMETRIA ANALITICA;EDWARDS Y PENNEY;1997;515.5;E26;7454
CALCULO CON GEOMETRIA ANALITICA;EDWARDS Y PENNEY;1997;515.5;E26;9039
CALCULO GEOMETRIA ANALITICA;MURRAY PROTTER/ CHARLES MORREY;1986;515.5;P967;588
CALCULO GEOMETRIA ANALITICA;MURRAY PROTTER/ CHARLES MORREY;1986;515.5;P967;592
CALCULO GEOMETRIA ANALITICA;MURRAY PROTTER/ CHARLES MORREY;1986;515.5;P967;594
CALCULO GEOMETRIA ANALITICA;MURRAY PROTTER/ CHARLES MORREY;1986;515.5;P967;584
CALCULO GEOMETRIA ANALITICA;MURRAY PROTTER/ CHARLES MORREY;1986;515.5;P967;595
CALCULO GEOMETRIA ANALITICA;MURRAY PROTTER/ CHARLES MORREY;1986;515.5;P967;590
CALCULO Y GEOMETRIA ANALITICA;SHERMAN K. STEIN;1986;515.5;S819;2214
CALCULO Y GEOMETRIA ANALITICA;SHERMAN K. STEIN;1986;515.5;S819;2213
CALCULO Y GEOMETRIA ANALITICA;SHERMAN K. STEIN;1986;515.5;S819;2217
CALCULO Y GEOMETRIA ANALITICA;SHERMAN K. STEIN;1986;515.5;S819;2220
CALCULO Y GEOMETRIA ANALITICA;SHERMAN K. STEIN;1986;515.5;S819;2219
CALCULO Y GEOMETRIA ANALITICA;SHERMAN K. STEIN;1986;515.5;S819;2216
CALCULO Y GEOMETRIA ANALITICA;SHERMAN K. STEIN;1986;515.5;S819;2212
