¿QUE ES LA ANIMACION SOCIO - CULTURAL?;EZEQUIEL ANDER-EGG;1988;361;AN 543a;14290;
112 DINAMICAS;P. ALEJANDRO LONDOÑO;1999;302.5;L 847;5236;
112 DINAMICAS;P. ALEJANDRO LONDOÑO;1999;302.5;L 847;5237;
112 DINAMICAS;P. ALEJANDRO LONDOÑO;1999;302.5;L 847;5241;
112 DINAMICAS;P. ALEJANDRO LONDOÑO;1999;302.5;L 847;7183;
112 DINAMICAS;P. ALEJANDRO LONDOÑO;1999;302.5;L 847;7186;
ACCION COMUNICATIVA E INTERVENCION SOCIAL;JESUS HERNANDEZ ARITU;1991;302.2;H 557;6327;
ACCION COMUNICATIVA E INTERVENCION SOCIAL;JESUS HERNANDEZ ARITU;1991;302.2;H 557;6328;
ACTIVIDADES FISICO DEPORTISTAS PARA LA TERCERA EDAD;MANUEL HERNANDEZ VASQUEZ;1995;362.6;H 557;7679;
ALTERNATIVAS METODOLOGICAS EN TRABAJO SOCIAL;MONICA CASALET;1983;361;C 334;1182;
ALTERNATIVAS METODOLOGICAS EN TRABAJO SOCIAL;MONICA CASALET;1983;361;C 334;1183;
AMOR Y JUEGO. FUNDAMENTOS OLVIDADOS DE LO HUMANO;HUMBERTO MATURANA R.;1997;306.85;M 445;6269;
AMOR Y JUEGO. FUNDAMENTOS OLVIDADOS DE LO HUMANO;HUMBERTO MATURANA R.;1997;306.85;M 445;6270;
AMOR Y JUEGO. FUNDAMENTOS OLVIDADOS DE LO HUMANO;HUMBERTO MATURANA R.;1997;306.85;M 445;6271;
AMOR Y JUEGO. FUNDAMENTOS OLVIDADOS DE LO HUMANO;HUMBERTO MATURANA R.;1997;306.85;M 445;6272;
AMOR Y JUEGO. FUNDAMENTOS OLVIDADOS DE LO HUMANO;HUMBERTO MATURANA R.;1997;306.85;M 445;6273;
ANALISIS DE DECISIONES;ORFELIO G. LEON;1994;302;L 579a;9381;
ANALISIS DE LAS POLITICAS DE VEJEZ EN EUROPA;ANNE MARIE GUILLEMARD;1992;362.6;G 658;7627;
ANALISIS ESTRUCTURAL DE CONTENIDO;MARIA ISABEL TOLEDO JOFRE;2000;302.24;T 649;8472;
ANALISIS ESTRUCTURAL DE CONTENIDO;MARIA ISABEL TOLEDO JOFRE;2000;302.24;T 649;8473;
ANALISIS ESTRUCTURAL DE CONTENIDO;MARIA ISABEL TOLEDO JOFRE;2000;302.24;T 649;8474;
ANTROPOLOGIA SOCIAL DE LAS SOCIEDADES COMPLEJAS;ERIC R. WOLF;1980;306;V 853;1679;
CAMPOS DE INTERVENCION EN PSICOLOGIA SOCIAL;GUSTAVE NICOLAS FISCHER;1992;302;F 536;7672;
CARTOGRAFIAS DE LA MODERNIDAD;JOSE JOAQUIN BRUNNER;;301;B 894;8047;
CIENCIAS SOCIALES Y FORMACION AMBIENTAL;ENRIQUE LEFF;1994;300;L 493;7732;
CIENCIAS SOCIALES Y FORMACION AMBIENTAL;ENRIQUE LEFF;1994;300;L 493;7733;
CODIGOS DE ETICA DEL SERVICIO SOCIAL;LAURA GRAZZIOSI;1977;361;G 785;7712;
CODIGOS DE ETICA DEL SERVICIO SOCIAL;LAURA GRAZZIOSI;1977;361;G 785;7713;
CODIGOS DE ETICA DEL SERVICIO SOCIAL;LAURA GRAZZIOSI;1977;361;G 785;7714;
CODIGOS DE ETICA DEL SERVICIO SOCIAL;LAURA GRAZZIOSI;1977;361;G 785;7715;
CODIGOS DE ETICA DEL SERVICIO SOCIAL;LAURA GRAZZIOSI;1977;361;G 785;7716;
COMPORTAMIENTO DE LAS ORGANIZACIONES;ROBERT KREITNER;1997;302;K 92;7744;
COMPORTAMIENTO DE LAS ORGANIZACIONES;ROBERT KREITNER;1997;302;K 92;7745;
COMPRENDIENDO LA CULTURA SORDA ;;2011;305.908;L121;16597;
COMUNICACIÓN DE MASAS;CH. R. WRIGHT;1993;302;V 948;1208;
COMUNICACIÓN DE MASAS;CH. R. WRIGHT;1993;302;V 948;1811;
COMUNICACIÓN ORGANIZACIONAL;GERALD M. GOLDHABER;1984;302.2;G 618;6334;
COMUNICACIÓN ORGANIZACIONAL;GERALD M. GOLDHABER;1984;302.2;G 618;6336;
COMUNICACIÓN ORGANIZACIONAL;GERALD M. GOLDHABER;1984;302.2;G 618;8038;
CON SU ESFUERZO Y UNA OPORTUNIDAD;FOSIS;2002;300.9;G 575f;2881;
CON SU ESFUERZO Y UNA OPORTUNIDAD;FOSIS;2002;300.9;G 575f;2882;
CONTEXTO Y DESARROLLO SOCIAL;MARIA JOSE RODRIGO;1994;301;R 696;7674;
CREATIVIDAD Y TRABAJO EN EQUIPO;ROGELIO RODRIGUEZ MUÑOZ;1998;302.5;R 696;7110;
CUESTIONES EN TORNO AL TRABAJO SOCIAL;M. LAPARRA;1990;361;O 39;6492;
CULTURA EMPRENDEDORA;ULISES TOLEDO NICKELS;1999;306;T 649;8528;
CURRICULUM, ESCUELA Y DERECHOS HUMANOS;ABRAHAM MAGENDZO K.;1989;323.4;M.192;3497;
CURRICULUM, ESCUELA Y DERECHOS HUMANOS;ABRAHAM MAGENDZO K.;1991;323.4;M.192;8770;
CURRICULUM, ESCUELA Y DERECHOS HUMANOS;ABRAHAM MAGENDZO K.;1991;323.4;M.192;8771;
CURRICULUM, ESCUELA Y DERECHOS HUMANOS;ABRAHAM MAGENDZO K.;1991;323.4;M.192;8772;
CURRICULUM, ESCUELA Y DERECHOS HUMANOS;ABRAHAM MAGENDZO K.;1991;323.4;M.192;8773;
CURSO DE ANIMACION GRUPAL;JAIME ARIAS MENDEZ;1997;302.5;A 696;6607;
CURSO DE ANIMACION GRUPAL;JAIME ARIAS MENDEZ;1997;302.5;A 696;6608;
CURSO DE ANIMACION GRUPAL;JAIME ARIAS MENDEZ;1997;302.5;A 696;6609;
CURSO DE ANIMACION GRUPAL;JAIME ARIAS MENDEZ;1997;302.5;A 696c;6620;
CURSO DE ANIMACION GRUPAL;JAIME ARIAS MENDEZ;1997;302.5;A 696c;6621;
CURSO DE ANIMACION GRUPAL;JAIME ARIAS MENDEZ;1997;302.5;A 696c;6622;
DE QUIEN ES LA INICIATIVA EN EL DESARROLLO SOCIOCOMUNITARIO;JOSE MARIA RIERA;1991;361;C 617;7631;
DEFINIENDO AL TRABAJO SOCIAL;NORBERTO ALAYON;1992;361;A 324d;1191;
DESARROLLO DE COMUNIDAD Y SUBCULTURAS;TERESA PORZECANSKI;1993;361;P 854d;7790;
DESARROLLO HUMANO EN CHILE. NOSOTROS LOS CHILENOS: UN DESAFIO CULTURAL 2002;PROGR. DE LAS NACIONES UNIDAS PARA EL DESARROLLO;2002;306;P 156d;9924;
DESARROLLO HUMANO EN CHILE. NOSOTROS LOS CHILENOS: UN DESAFIO CULTURAL 2002;PROGR. DE LAS NACIONES UNIDAS PARA EL DESARROLLO;2002;306;P 156d;9925;
DESARROLLO HUMANO EN CHILE. NOSOTROS LOS CHILENOS: UN DESAFIO CULTURAL 2002;PROGR. DE LAS NACIONES UNIDAS PARA EL DESARROLLO;2002;306;P 156d;9926;
DESARROLLO HUMANO EN CHILE. NOSOTROS LOS CHILENOS: UN DESAFIO CULTURAL 2002;PROGR. DE LAS NACIONES UNIDAS PARA EL DESARROLLO;2002;306;P 156d;9927; 
DIAGNOSTICO SOCIAL. CONCEPTOS Y METODOLOGIA;EZEQUIEL ANDER-EGG;1995;361;A 543ds;6737;
DIAGNOSTICO SOCIAL. CONCEPTOS Y METODOLOGIA;EZEQUIEL ANDER-EGG;1995;361;A 543ds;6739;
DIAGNOSTICO SOCIAL. CONCEPTOS Y METODOLOGIA;EZEQUIEL ANDER-EGG;1995;361;A 543ds;6740;
DIAGNOSTICO SOCIAL. CONCEPTOS Y METODOLOGIA;EZEQUIEL ANDER-EGG;1995;361;A 543ds;6742;
DICCIONARIO DE TRABAJO SOCIAL;EZEQUIEL ANDER-EGG;2009;361.003;AN 543d;14293;
DINAMICA DE GRUPO;BALDUINO A. ANDREOLA;1984;302.5;A 559;6595;
DINAMICA DE GRUPO;BALDUINO A. ANDREOLA;1984;302.5;A 559;6596;
DINAMICA DE GRUPOS;MARVIN E. SHAW;1989;302.5;S 535;910;
DINAMICA DE GRUPOS Y EDUCACION;GUSTAVO F. J. CIRIGLIANO;1997;302.8;C 578;4166;
DINAMICA DE GRUPOS Y EDUCACION;GUSTAVO F. J. CIRIGLIANO;1997;302.8;C 578;4173;
DINAMICA DE GRUPOS Y EDUCACION;GUSTAVO F. J. CIRIGLIANO;1997;302.8;C 578;4176;
DINAMICA DEL TRABAJO SOCIAL;W. E. FRIEDLANDER;1969;301;F 911;6353;
DINAMICA DEL TRABAJO SOCIAL;W. A. FRIEDLANDER;1985;361;F 911;6351;
DINAMICA DEL TRABAJO SOCIAL;W. A. FRIEDLANDER;1985;361;F 911;6352;
DISEÑO Y EVALUACION DE PROYECTOS SOCIALES;GUSTAVO A. GARCIA HERRERA;1996;361;G 216;6498;
DISEÑO Y EVALUACION DE PROYECTOS SOCIALES;GUSTAVO A. GARCIA HERRERA;1996;361;G 216;9376;
DROGAS Y LAVADO DE DINERO;VALERIA HOFFMANN;1998;362.95;H 711d;12519;
DROGAS Y POBREZA;MARIA CHAVEZ DE SANCHEZ;1995;362.9;C 512;5230;
EL ADOLESCENTE Y SUS CONDUCTAS DE RIESGO;RAMON FLORENZANO URZUA;1998;305.238.3;F 662a;9154;
EL ADOLESCENTE Y SUS CONDUCTAS DE RIESGO;RAMON FLORENZANO URZUA;1998;305.238.3;F 662a;12372;
EL ADOLESCENTE Y SUS CONDUCTAS DE RIESGO;RAMON FLORENZANO URZUA;1998;305.238.3;F 662a;12374;
EL APOYO SOCIAL EN LA INTERVENCION COMUNITARIA;ENRIQUE GRACIA FUSTER;1997;361;G 731;6329;
EL APOYO SOCIAL EN LA INTERVENCION COMUNITARIA;ENRIQUE GRACIA FUSTER;1997;361;G 731;6330;
EL BIENESTAR SOCIAL. CONCEPTO Y MEDIDA;JOSE RAMON DIEZ COLLADO;1992;361;D 568;6517;
EL BIENESTAR SOCIAL. CONCEPTO Y MEDIDA;JOSE RAMON DIEZ COLLADO;1992;361;D 568;6493;
EL BIENESTAR SOCIAL. CONCEPTO Y MEDIDA;JOSE RAMON DIEZ COLLADO;1992;361;D 568;6494;
EL DIAGNOSTICO SOCIAL;MARIA TERESA SCARON DE QUINTERO;1985;361;Q 7d;1174;
EL DIAGNOSTICO SOCIAL;MARIA TERESA SCARON DE QUINTERO;1985;361;Q 7d;1175;
EL DIAGNOSTICO SOCIAL;MARIA TERESA SCARON DE QUINTERO;1985;361;Q 7d;4143;
EL DIAGNOSTICO SOCIAL;MARIA TERESA SCARON DE QUINTERO;1985;361;Q 7d;4144;
EL DIAGNOSTICO SOCIAL;MARIA TERESA SCARON DE QUINTERO;1985;361;Q 7d;4145;
EL DIAGNOSTICO SOCIAL;MARIA TERESA SCARON DE QUINTERO;1985;361;Q 7d;10098;
EL DIAGNOSTICO SOCIAL;MARIA TERESA SCARON DE QUINTERO;1985;361;Q 7d;10099;
EL DIAGNOSTICO SOCIAL;MARIA TERESA SCARON DE QUINTERO;1985;361;Q 7d;10101;
EL DIAGNOSTICO SOCIAL;MARIA TERESA SCARON DE QUINTERO;1985;361;Q 7d;10102;
EL DIAGNOSTICO SOCIAL;MARIA TERESA SCARON DE QUINTERO;1985;361;Q 7d;10103;
EL DIAGNOSTICO SOCIAL;MARIA TERESA SCARON DE QUINTERO;1985;361;Q 7d;10104;
EL DIAGNOSTICO SOCIAL;MARIA TERESA SCARON DE QUINTERO;1985;361;Q 7d;10105;
EL DIAGNOSTICO SOCIAL;MARIA TERESA SCARON DE QUINTERO;1985;361;Q 7d;10106;
EL DIAGNOSTICO SOCIAL;MARIA TERESA SCARON DE QUINTERO;1985;361;Q 7d;10107;
EL EQUIPO REFLEXIVO;TOM ANDERSON;1992;306.85;B 493;9454;
EL EQUIPO REFLEXIVO;TOM ANDERSON;1992;306.85;B 493;9455;
EL EQUIPO REFLEXIVO;TOM ANDERSON;1992;306.85;B 493;9071;
EL FOSIS Y LA GENERACION DE INGRESOS Y EMPLEOS;FOSIS;2003;300.3;G 575f;2188;
EL FOSIS Y LA GENERACION DE INGRESOS Y EMPLEOS;FOSIS;2003;300.3;G 575f;2189;
EL GRUPO. METODOS Y TECNICAS PARTICIPATIVAS;DORA GARCIA;1997;302.5;G 216;6483;
EL GRUPO. METODOS Y TECNICAS PARTICIPATIVAS;DORA GARCIA;1997;302.5;G 216;6755;
EL GRUPO. METODOS Y TECNICAS PARTICIPATIVAS;DORA GARCIA;1997;302.5;G 216;6757;
EL HOMBRE Y SUS OBRAS;NELVILLE J. HERSKOVITS;1987;306;H 572;3335;
EL HOMBRE Y SUS OBRAS;NELVILLE J. HERSKOVITS;1987;306;H 572;3336;
EL HOMBRE Y SUS OBRAS;NELVILLE J. HERSKOVITS;1987;306;H 572;2527;
EL HOMBRE Y SUS OBRAS;NELVILLE J. HERSKOVITS;1987;306;H 572;2528;
EL MIEDO A LA LIBERTAD;ERICH FROMM;1998;301.182;F 932m;9068;
EL MIEDO A LA LIBERTAD;ERICH FROMM;1996;301.182;F 932m;9216;
EL MIEDO A LA LIBERTAD;ERICH FROMM;1996;301.182;F 932m;9217;
EL ORIGEN DE LA VIDA;MARIELA QUARTANA;1983;362.82;Q 1;3502;
EL PROCESO DE LA COMUNICACIÓN ;DAVID K. BERLO;1984;302.2;B515;2523;
EL PROCESO DE LA COMUNICACIÓN ;DAVID K. BERLO;1984;302.2;B515;2524;
EL PROCESO DE LA COMUNICACIÓN ;DAVID K. BERLO;1984;302.2;B515;2526;
EL PROCESO DE LA COMUNICACIÓN ;DAVID K. BERLO;1984;302.2;B515;2525;
EL PROCESO DE LA COMUNICACIÓN ;DAVID K. BERLO;1984;302.2;B515;2522;
EL SERVICIO SOCIAL COMO PROCESO DE AYUDA;ELISA BIANCHI;1994;361;B 578;6266;
EL SERVICIO SOCIAL COMO PROCESO DE AYUDA;ELISA BIANCHI;1994;361;B 578;6267;
EL SERVICIO SOCIAL COMO PROCESO DE AYUDA;ELISA BIANCHI;1994;361;B 578;6557;
EL SERVICIO SOCIAL COMO PROCESO DE AYUDA;ELISA BIANCHI;1994;361;B 578;6592;
EL VALOR DE LA MEDIACION;DELFINA LINCK;1997;361;L735;7518;
EL VALOR DE LA MEDIACION;DELFINA LINCK;1997;361;L735;9816;
ELEMENTOS PARA UNA FILOSOFIA DE LA CULTURA;PATRICIO OYANEDER;1993;306;O 98;1362;
ELEMENTOS PARA UNA FILOSOFIA DE LA CULTURA;PATRICIO OYANEDER;1993;306;O 98;1365;
ELEMENTOS PARA UNA FILOSOFIA DE LA CULTURA;PATRICIO OYANEDER;1993;306;O 98;1366;
ELEMENTOS PARA UNA FILOSOFIA DE LA CULTURA;PATRICIO OYANEDER;1993;306;O 98;1367;
EN BUSQUEDA DE LA FAMILIA CHILENA;PAZ COBARRIBIAS O.;1986;306.8;C 873;5113;
ENVEJECIMIENTO Y FAMILIA;JOSEPH A. RODRIGUEZ;1994;362.6;R 696e;10121;
ENVEJECIMIENTO Y FAMILIA;JOSEPH A. RODRIGUEZ;1994;362.6;R 696e;10131;
ENVEJECIMIENTO Y FAMILIA;JOSEPH A. RODRIGUEZ;1994;362.6;R 696e;10648;
ENVEJECIMIENTO Y FAMILIA;JOSEPH A. RODRIGUEZ;1994;362.6;R 696e;7823;
ENVEJECIMIENTO Y FAMILIA;JOSEPH A. RODRIGUEZ;1994;362.6;R 696e;7824;
ESCUELA TALLER. UNA EXPERIENCIA FOSIS EN LA FORMACION DE JOVENES PARA EL TRABAJO;FOSIS;2003;300.7;G 575f;7998;
ESCUELA TALLER. UNA EXPERIENCIA FOSIS EN LA FORMACION DE JOVENES PARA EL TRABAJO;FOSIS;2003;300.7;G 575f;7999;
ESTADISTICA APLICADA AL TRABAJO SOCIAL;LEOPOLDO FERNANDEZ PEDREIRA;1987;361;F 363;6512;
ESTADISTICA APLICADA AL TRABAJO SOCIAL;LEOPOLDO FERNANDEZ PEDREIRA;1987;361;F 363;6513;
ESTADISTICA APLICADA AL TRABAJO SOCIAL;LEOPOLDO FERNANDEZ PEDREIRA;1987;361;F 363;6514;
ESTADISTICA APLICADA AL TRABAJO SOCIAL;LEOPOLDO FERNANDEZ PEDREIRA;1987;361;F 363;2184;
ESTADISTICA APLICADA AL TRABAJO SOCIAL;LEOPOLDO FERNANDEZ PEDREIRA;1987;361;F 363;2185;
ESTADISTICA APLICADA AL TRABAJO SOCIAL;LEOPOLDO FERNANDEZ PEDREIRA;1987;361;F 363;2186;
ESTADISTICA Y TECNICAS DE INVESTIGACION SOCIAL;A. PULIDO;1992;301;P 981;6515;
ESTADISTICA Y TECNICAS DE INVESTIGACION SOCIAL;A. PULIDO;1992;301;P 981;6516;
ESTADISTICA Y TECNICAS DE INVESTIGACION SOCIAL;A. PULIDO;1992;301;P 981;3583;
ESTRATEGIA Y METODOLOGIA PARA LA ELABORACION DE MATERIAL AUDIOVISUAL CREATIVO;GABRIEL CARDENAS;2000;302.23;C 266;8461;
ESTRATEGIA Y METODOLOGIA PARA LA ELABORACION DE MATERIAL AUDIOVISUAL CREATIVO;GABRIEL CARDENAS;2000;302.23;C 266;9463;
ETICA Y TRABAJO SOCIAL;FRANCISCO J. BERMEJO;1996;361;B 516;6526;
ETICA Y TRABAJO SOCIAL;FRANCISCO J. BERMEJO;1996;361;B 516;6527;
ETICA Y TRABAJO SOCIAL;FRANCISCO J. BERMEJO;1996;361;B 516;6528;
ETICA Y TRABAJO SOCIAL;FRANCISCO J. BERMEJO;1996;361;B 516;6529;
ETICA Y VALORES EN EL TRABAJO SOCIAL;SARAH BANKS;1997;361;B 218e;6784;
ETICA Y VALORES EN EL TRABAJO SOCIAL;SARAH BANKS;1997;361;B 218e;6485;
ETICA Y VALORES EN EL TRABAJO SOCIAL;SARAH BANKS;1997;361;B 218e;3586;
ETICA Y VALORES EN EL TRABAJO SOCIAL;SARAH BANKS;1997;361;B 218e;3635;
ETICA Y VALORES EN EL TRABAJO SOCIAL;SARAH BANKS;1997;361;B 218e;3636;
ETICA Y VALORES EN EL TRABAJO SOCIAL;SARAH BANKS;1997;361;B 218e;9824;
EVALUACION DE LA ANIMACION SOCIOCULTURAL;VICTOR JUAN VENTOSA PEREZ;1992;361;V 466;7689;
EVALUACION DE LA ANIMACION SOCIOCULTURAL;VICTOR JUAN VENTOSA PEREZ;1992;361;V 466;7739;
EVALUACION DE PROGRAMAS SOCIALES;GUILLERMO BRIONES;1991;300;B 858;7434;
EVALUACION DE PROGRAMAS SOCIALES;GUILLERMO BRIONES;1991;300;B 858;7508;
EVALUACION DE PROGRAMAS. UNA GUIA PRACTICA EN AMBITOS SOCIALES EDUCATIVOS Y FR SALUD;ROCIO FERNANDEZ;2001;300;F 363e;14299;
FILOSOFIA DEL SIGLO XX Y SERVICIO SOCIAL;HERMAN KRUSE;1986;361.9;K 94;1218;
FILOSOFIA DEL SIGLO XX Y SERVICIO SOCIAL;HERMAN KRUSE;1986;361.9;K 94;1220;
FORMA Y EQUILIBRIO SOCIALES. EXTRACTO DEL TRATADO DE SOCIOLOGIA GENERAL;WILFREDO PARETO;1980;301;P 216f;9120;
FORMACION DE ANIMADORES Y DINAMICAS DE LA ANIMACION;PALOMA LOPEZ DE CEBALLOS;1991;361;L 864;7667;
FORTALECER LA FAMILIA;INGEBURG FUHRMANN;1998;306.8;F 959;6403;
FORTALECER LA FAMILIA;INGEBURG FUHRMANN;1998;306.8;F 959;6407;
FORTALECER LA FAMILIA;INGEBURG FUHRMANN;1998;306.8;F 959;7205;
FORTALECER LA FAMILIA;INGEBURG FUHRMANN;1998;306.8;F 959;8142;
FORTALECER LA FAMILIA;INGEBURG FUHRMANN;1998;306.8;F 959;8143;
FUNCIONES DEL SERVICIO SOCIAL;CBCISS;1971;361;C397;1176;
FUNCIONES DEL SERVICIO SOCIAL;CBCISS;1971;361;C397;1177;
GENERO, CLASE Y ETNIA EN LOS NUEVOS PROCESOS DE GLOBALIZACION;VIRGINIA MAQUIEIRA;1997;302;M 111g;2544;
GENERO, CLASE Y ETNIA EN LOS NUEVOS PROCESOS DE GLOBALIZACION;VIRGINIA MAQUIEIRA;1997;302;M 111g;2545;
GENERO, CLASE Y ETNIA EN LOS NUEVOS PROCESOS DE GLOBALIZACION;VIRGINIA MAQUIEIRA;1997;302;M 111g;4912;
GENERO, CLASE Y ETNIA EN LOS NUEVOS PROCESOS DE GLOBALIZACION;VIRGINIA MAQUIEIRA;1997;302;M 111g;9822;
GESTION ORGANIZACIONAL. ELEMENTOS PARA SU ESTUDIO;DARIO RODRIGUEZ M.;2001;302.35;R 696g;1845;
GESTION SOCIAL EN LA COMUNIDAD. GUIA DE ESTUDIO Y ANALISIS;MARIA CRISTINA SUAREZ;1995;361;S 939;9204;
GESTION SOCIAL EN LA COMUNIDAD. GUIA DE ESTUDIO Y ANALISIS;MARIA CRISTINA SUAREZ;1995;361;S 939;9205;
GESTION SOCIAL EN LA COMUNIDAD. GUIA DE ESTUDIO Y ANALISIS;MARIA CRISTINA SUAREZ;1995;361;S 939;9207;
GESTION SOCIAL EN LA COMUNIDAD. GUIA DE ESTUDIO Y ANALISIS;MARIA CRISTINA SUAREZ;1995;361;S 939;9208;
GRANDES TEMAS DE LA CULTURA;HERNAN GODOY URZUA;1986;306;G 589;8081;
GRUPOS HUMANOS Y CATEGORIAS SOCIALES;HENRI TAJFEL;1984;302.5;T 135;7723;
HACIA UNA ANTROPOLOGIA DE LOS MUNDOS CONTEMPORANEOS;MARC AUGE;1994;306.3;A 919h;9932;
HACIA UNA ANTROPOLOGIA DE LOS MUNDOS CONTEMPORANEOS;MARC AUGE;1994;306.3;A 919h;10777;
HISTORIA DE LA SOCIOLOGIA;FRANCISCO AYALA;1947;301;A 973;3008;
HISTORIA DE TRABAJO SOCIAL;EZEQUIEL ANDER-EGG;1994;361.9;A 543h;6436;
HOY ES MI TIEMPO. UNA VENTANA A LA ESPERANZA;FOSIS;2002;300.6;G 575f;6812;
HOY ES MI TIEMPO. UNA VENTANA A LA ESPERANZA;FOSIS;2002;300.6;G 575f;6813;
INTEGRACION DEL SERVICIO SOCIAL Y EL ENFOQUE SISTEMICO RELACIONAL;MONICA ROSA CHADI;1997;361;C 432i;3131;
INTEGRACION DEL SERVICIO SOCIAL Y EL ENFOQUE SISTEMICO RELACIONAL;MONICA ROSA CHADI;1997;361;C 432i;3132;
INTEGRACION DEL SERVICIO SOCIAL Y EL ENFOQUE SISTEMICO RELACIONAL;MONICA ROSA CHADI;1997;361;C 432i;3133;
INTERCAMBIO SOCIAL Y DESARROLLO DEL BIENESTAR;LUIS MORENO;1993;361;M 843p;7613;
INTERVENCION PSICOSOCIAL. PROGRAMAS Y EXPERIENCIAS;GONZALO MUSITU;1993;361;M 987;6457;
INTRODUCCION A LA INVESTIGACION SOCIAL;HUBERT BLALOCK;1970;301;B 638;218;
INTRODUCCION A LA PSICOLOGIA DE LA COMUNICACIÓN. TEXTOS Y EJERCICIOS;ALEJANDRO LOPEZ;1984;302.2;L 864;1802;
INTRODUCCION A LA PSICOLOGIA DE LA COMUNICACIÓN. TEXTOS Y EJERCICIOS;ALEJANDRO LOPEZ;1984;302.2;L 864;7194;
INTRODUCCION A LA SOCIOLOGIA;BRUCE J. COHEN;1992;301;678i;10766;
INTRODUCCION A LA SOCIOLOGIA;ELY CHINOY;1994;301;C 539i;4893;
INTRODUCCION A LA SOCIOLOGIA;ELY CHINOY;1994;301;C 539i;4894;
INTRODUCCION A LA SOCIOLOGIA;ELY CHINOY;1994;301;C 539i;4895;
INTRODUCCION A LA SOCIOLOGIA;ELY CHINOY;1994;301;C 539i;4896;
INTRODUCCION A LA SUPERVISION;SWITHUN BOWERS;1965;361;G 463i;2643;
INTRODUCCION A LA SUPERVISION;SWITHUN BOWERS;1965;361;G 463i;2646;
INTRODUCCION A LA SUPERVISION;SWITHUN BOWERS;1965;361;G 463i;2670;
INTRODUCCION A LA SUPERVISION;SWITHUN BOWERS;1965;361;G 463i;9806;
INTRODUCCION A LA SUPERVISION;SWITHUN BOWERS;1965;361;G 463i;9665;
INTRODUCCION A LOS SERVICIOS SOCIALES;DEMETRIO CASADO;1995;361;C 334;6383;
INTRODUCCION A LOS SERVICIOS SOCIALES;DEMETRIO CASADO;1995;361;C 334;6385;
INTRODUCCION AL TRABAJO SOCIAL II;MARIA JOSE ESCARTIN C.;1997;361;E 74i;6758;
INTRODUCCIONAL TRABAJO SOCIAL I;MARIA JOSE ESCARTIN C.;1994;361;E 74it;6770;
INTRODUCCIONAL TRABAJO SOCIAL I;MARIA JOSE ESCARTIN C.;1994;361;E 74it;6771;
INTRODUCCIONAL TRABAJO SOCIAL I;MARIA JOSE ESCARTIN C.;1994;361;E 74it;6772;
JUSTICIA CON MENORES Y JOVENES;CENTRO DE ESTUDIOS JURIDICOS DE LA ADM. DE JUSTICIA;1995;370;U 81j;10149;
LA ANIMACION Y LOS ANIMADORES;EZEQUIEL ANDER-EGG;1992;361;A 543an;7647;
;;;;;;
LA COMUNICACIÓN HUMANA. CIENCIA SOCIAL;CARLOS FERNANDEZ COLLADO;1988;302.2;F 363;206;
LA COMUNICACIÓN HUMANA. CIENCIA SOCIAL;CARLOS FERNANDEZ COLLADO;1988;302.2;F 363;207;
LA COMUNIDAD COMO SISTEMA DINAMICO;OSCAR JOHANSEN;1988;307;J 65;1233;
LA CONSTRUCCION SOCIAL DE LA REALIDAD;PETER L- BERGER;1995;306.4;B 496;3695;
LA CONTRUCCION SOCIAL DE LA REALIDAD;PERER L. BERGER;1995;306.4;B 496;3697;
LA EDUCACION SOBRE LAS DROGAS EN EL CICLO SUPERIOR DE LA E.G.B.;RAMON MENDOZA BERNAJO;1986;374;M 539e;2983;
LA EDUCACION SOBRE LAS DROGAS EN EL CICLO SUPERIOR DE LA E.G.B.;RAMON MENDOZA BERNAJO;1986;374;M 539e;2985;
LA EDUCACION SOBRE LAS DROGAS EN EL CICLO SUPERIOR DE LA E.G.B.;RAMON MENDOZA BERNAJO;1986;374;M 539e;9825;
LA ENTREVISTA EN TRABAJO SOCIAL;LETICIA CACERES;2000;361;C 118;9019;
LA ENTREVISTA EN TRABAJO SOCIAL;LETICIA CACERES;2000;361;C 118;9138;
LA ENTREVISTA EN TRABAJO SOCIAL;LETICIA CACERES;2000;361;C 118;9200;
LA ENTREVISTA EN TRABAJO SOCIAL;LETICIA CACERES;2000;361;C 118;9199;
LA ENTREVISTA EN TRABAJO SOCIAL;TERESA ROSSELL;1998;361;R 828;6523;
LA ENTREVISTA EN TRABAJO SOCIAL;TERESA ROSSELL;1998;361;R 828;6524;
LA FAMILIA ALCOHOLICA;PETER STEINGLASS;1987;306.85;S 822;7692;
LA FAMILIA ALCOHOLICA;PETER STEINGLASS;1987;306.85;S 822;7693;
LA FAMILIA ALCOHOLICA;PETER STEINGLASS;1987;306.85;S 822;7694;
LA FAMILIA: EL DESAFIO DE LA DIVERSIDAD;ADELINA GIMENO;1999;306.8;G 491.3fdd;13511;
LA FAMILIA: UNA REALIDAD SOCIAL EN PROCESO DE CAMBIO ;YSABEL HITO MONTAÑO;2011;306.8;H 675;14187;
LA INTERVENCION COLECTIVA EN TRABAJO SOCIAL;CRISTINA DE ROBERTIS ;1987;361;R 642;6467;
LA INTERVENCION COLECTIVA EN TRABAJO SOCIAL;CRISTINA DE ROBERTIS ;1987;361;R 642;6470;
LA INTERVENCION COLECTIVA EN TRABAJO SOCIAL;CRISTINA DE ROBERTIS ;1987;361;R 642;6469;
LA INTERVENCION COMUNITARIA. EXPERIENCIAS Y REFLEXIONES;ALBERTO JOSE DIEGUEZ;2000;361;D 559;9016;
LA INTERVENCION COMUNITARIA. EXPERIENCIAS Y REFLEXIONES;ALBERTO JOSE DIEGUEZ;2000;361;D 559;9243;
LA INTERVENCION COMUNITARIA. EXPERIENCIAS Y REFLEXIONES;ALBERTO JOSE DIEGUEZ;2000;361;D 559;9244;
LA INTERVENCION COMUNITARIA. EXPERIENCIAS Y REFLEXIONES;ALBERTO JOSE DIEGUEZ;2000;361;D 559;9246;
LA PARADOJA;JAMES C. HUNTER;1996;301;H 939p;10844;
LA PERSPECTIVA DE REDES NATURALES: UN MODELO DE TRABAJO PARA EL SERVICIO SOCIAL;GRUPO E. I.E.M.;1998;361;C 347r;10472;
LA PERSPECTIVA DE REDES NATURALES: UN MODELO DE TRABAJO PARA EL SERVICIO SOCIAL;GRUPO E. I.E.M.;1998;361;C 347r;10783;
LA PERSPECTIVA DE REDES NATURALES: UN MODELO DE TRABAJO PARA EL SERVICIO SOCIAL;GRUPO E. I.E.M.;1998;361;C 347r;10455;
LA PERSPECTIVA DE REDES NATURALES: UN MODELO DE TRABAJO PARA EL SERVICIO SOCIAL;GRUPO E. I.E.M.;1998;361;C 347r;10463;
LA PLANIFICACION DE LAS POLITICAS SOCIALES;GLORIA EDEL MENDICOA;1997;361;M 538m;4130;
LA PLANIFICACION DE LAS POLITICAS SOCIALES;GLORIA EDEL MENDICOA;1997;361;M 538m;4131;
LA PLANIFICACION DE LAS POLITICAS SOCIALES;GLORIA EDEL MENDICOA;1997;361;M 538m;4132;
LA PLANIFICACION DE LAS POLITICAS SOCIALES;GLORIA EDEL MENDICOA;1997;361;M 538m;4133;
LA PLANIFICACION DE LAS POLITICAS SOCIALES;GLORIA EDEL MENDICOA;1997;361;M 538m;9015;
LA POBREZA EN CHILE: UN DESAFIO DE EQUIDAD E INTEGRACION SOCIAL ;INFORME DEL CONSEJO NACIONAL PARA LA SUPERACION DE POBREZA;1996;362.5;C 755;2710;
LA POBREZA EN CHILE: UN DESAFIO DE EQUIDAD E INTEGRACION SOCIAL ;INFORME DEL CONSEJO NACIONAL PARA LA SUPERACION DE POBREZA;1996;362.5;C 755;2711;
LA POBREZA EN CHILE: UN DESAFIO DE EQUIDAD E INTEGRACION SOCIAL ;INFORME DEL CONSEJO NACIONAL PARA LA SUPERACION DE POBREZA;1996;362.5;C 755;2712;
LA PRACTICA Y LA TEORIA DEL DESARROLLO COMUNITARIO. ;LUIS M. NOGUEIRAS;1996;361;N 778;7741;
LA PREVENCION DE LAS DROGODEPENDENCIAS EN LA FAMILIA;JOSE ANTONIO RIOS;1997;362.8;R 586d;1632;
LA PREVENCION DE LAS DROGODEPENDENCIAS EN LA FAMILIA;JOSE ANTONIO RIOS;1997;362.8;R 586d;4186;
LA PREVENCION DE LAS DROGODEPENDENCIAS EN LA FAMILIA;JOSE ANTONIO RIOS;1997;362.8;R 586d;3444;
LA PROTECCION INTERNACIONAL DE LOS DERECHOS DE LA MUJER TRAS LA CONFERENCIA DE PEKIN DE 1995;FERNANDO M. MARIÑO MENENDEZ;1996;350;M 332p;4163;
LA PROTECCION INTERNACIONAL DE LOS DERECHOS DE LA MUJER TRAS LA CONFERENCIA DE PEKIN DE 1995;FERNANDO M. MARIÑO MENENDEZ;1996;350;M 332p;4165;
LA PSICOLOGIA SOCIAL EN EL MUNDO DE HOY;JAMES O. WITTAKER;1990;302;W 624;5186;
LA PSICOLOGIA SOCIAL EN EL MUNDO DE HOY;JAMES O. WITTAKER;1990;302;W 624;5187;
LA SINTAXIS DE LA IMAGEN;D. A. DONDIS;1976;302.23;D 679;1134;
LA SINTAXIS DE LA IMAGEN;D. A. DONDIS;1976;302.23;D 679;1134;
LA SINTAXIS DE LA IMAGEN;D. A. DONDIS;1976;302.23;D 679;1135;
LA SOCIEDAD ANCIANA;MARIA TERESA BAZO;1990;362.6;B 364s;4955;
LA SOCIEDAD ANCIANA;MARIA TERESA BAZO;1990;362.6;B 364s;4969;
LA SOCIEDAD UNA INTRODUCCION A LA SOCIOLOGIA;ELY CHINOY;1961;301;C 539i;203;
LA SOCIEDAD UNA INTRODUCCION A LA SOCIOLOGIA;ELY CHINOY;1961;301;C 539i;205;
LA SOCIEDAD UNA INTRODUCCION A LA SOCIOLOGIA;ELY CHINOY;1994;301;C 539i;1209;
LA SUPERVISION EN EL TRABAJO SOCIAL;DOROTHY E.  PETTES;1974;361;P 499;7609;
LA SUPERVISION EN TRABAJO SOCIAL;MONTSERRAT COLOMER;1991;361;C 718s;7826;
LA SUPERVISION EN TRABAJO SOCIAL;MONTSERRAT COLOMER;1991;361;C 718s;10647;
LA SUPERVISION EN TRABAJO SOCIAL;MONTSERRAT COLOMER;1991;361;C 718s;10088;
LA SUPERVISION EN TRABAJO SOCIAL;MONTSERRAT COLOMER;1991;361;C 718s;10089;
LA SUPERVISION EN TRABAJO SOCIAL;MONTSERRAT COLOMER;1991;361;C 718s;10091;
LA SUPERVISION EN TRABAJO SOCIAL;MONTSERRAT COLOMER;1991;361;C 718s;10093;
LA SUPERVISION EN TRABAJO SOCIAL;MONTSERRAT COLOMER;1991;361;C 718s;10097;
LAS ESCUELAS DE TRABAJO SOCIAL EN AMERICA LATINA;NORBERTO ALAYON;1982;361.98;A 324;1198;
LAS ESCUELAS DE TRABAJO SOCIAL EN AMERICA LATINA;NORBERTO ALAYON;1982;361.98;A 324;1199;
LIDERAZGO;RUDOLPH W. GIULIANI;2002;301;G 537;10867;
LOGICA Y RELATO EN TRABAJO SOCIAL;TERESA PORZECANSKI;1984;361;P 854d;1178;
LOGICA Y RELATO EN TRABAJO SOCIAL;TERESA PORZECANSKI;1984;361;P 854d;1179;
LOS MODELOS EN TRABAJO SOCIAL. INTERVENCION CON PERSONAS Y FAMILIAS;MATHILDE DU RANQUEN;1996;361;D 812;6332;
LOS NIÑOS DE OTRORA. PSICOLOGIA DE LOS PROCESOS DE LA TERCERA EDAD;ALEJANDRA LANDONI;1996;362.6;L 259;7628;
LOS ORIGENES DEL HOMBRE AMERICANO;P. RIVET;1960;304.83;R 924;190;
LOS ORIGENES DEL HOMBRE AMERICANO;P. RIVET;1960;304.83;R 924;191;
MANEJO SOCIAL DEL RIESGO. ENFOQUE ORIENTADOR DE LA INTERVENCION E INVERSION DEL FOSIS;FOSIS;2002;300.4;G575f;4852;
MANEJO SOCIAL DEL RIESGO. ENFOQUE ORIENTADOR DE LA INTERVENCION E INVERSION DEL FOSIS;FOSIS;2002;300.4;G575f;6811;
MANUAL DE DINAMICA DE GRUPOS;JACK R. ;1964;302.5;G 437;6611;
MANUAL DE DINAMICA DE GRUPOS;JACK R. ;1964;302.5;G 437;6612;
MANUAL DE DINAMICA DE GRUPOS;JACK R. ;1964;302.5;G 437;4141;
MANUAL DE DINAMICA DE GRUPOS;JACK R. ;1996;302.5;G 437;6610;
MANUAL DE DINAMICA DE GRUPOS;JACK R. ;1996;302.5;G 437;9248;
MANUAL DE INTRODUCCION A LA TEORIA DE LA COMUNICACIÓN SOCIAL;EDISON OTERO;1994;302.2;O 87;7114;
MANUAL DE PRACTICAS DE TRABAJO SOCIAL CON MENORES;JASONE MONDRAGON;1993;361;741 m;7616;
MANUAL DE PRACTICAS DE TRABAJO SOCIAL CON MENORES;JASONE MONDRAGON;1993;361;741 m;7617;
MANUAL DE PRACTICAS DE TRABAJO SOCIAL CON MENORES;JASONE MONDRAGON;1993;361;741 m;7618;
MANUAL DE PSICOLOGIA EDUCACIONAL;VIOLETA ARANCIBIA;1997;370.15;A 662;8498;
MANUAL DE SERVICIOS SOCIALES COMUNITARIOS;MARIA DEL CASTILLO GALLARDO;2006;361;C 352s;14292;
MANUAL DE TRABAJO SOCIAL ;MARIA JOSE ESCARTIN C.;1998;361;E 74i;6762;
MANUAL PARA TRABAJADORES SOCIALES;MARIO ESPINOZA VERGARA;1989;361;E 77;6509;
MANUAL PARA TRABAJADORES SOCIALES;MARIO ESPINOZA VERGARA;1989;361;E 77;6511;
MANUAL PARA TRABAJADORES SOCIALES;MARIO ESPINOZA VERGARA;1989;361;E 77;6555;
MASCULINIDADES Y EQUIDAD DE GENERO EN AMERICA LATINA;TERESA VALDES;1998;305;V 145;8808;
MASCULINIDADES Y EQUIDAD DE GENERO EN AMERICA LATINA;TERESA VALDES;1998;305;V 145;8809;
MASCULINIDADES Y EQUIDAD DE GENERO EN AMERICA LATINA;TERESA VALDES;1998;305;V 145;8810;
MASCULINIDADES Y EQUIDAD DE GENERO EN AMERICA LATINA;TERESA VALDES;1998;305;V 145;8811;
MEDIACION Y TRABAJO SOCIAL;ANTONIO DE TOMMASO;1997;361;D 479;7923;
MEDIACION Y TRABAJO SOCIAL;ANTONIO DE TOMMASO;1997;361;D 479;7924;
MEDIACION Y TRABAJO SOCIAL;ANTONIO DE TOMMASO;1997;361;D 479;9014;
MEDIACION, CONDUCCION DE DISPUTAS, COMUNICACIÓN Y TECNICAS;MARINES SUARES;1996;361;S 939M;10167;
MEDIACION, CONDUCCION DE DISPUTAS, COMUNICACIÓN Y TECNICAS;MARINES SUARES;1996;361;S 939M;9692;
MEDIACION, CONDUCCION DE DISPUTAS, COMUNICACIÓN Y TECNICAS;MARINES SUARES;1996;361;S 939M;9693;
MERCADOS LABORALES Y SU IMPACTO EN LA POBREZA;FOSIS;2003;300.8;G 575f;2875;
MERCADOS LABORALES Y SU IMPACTO EN LA POBREZA;FOSIS;2003;300.8;G 575f;2876;
METODOLOGIA CUANTITATIVA. ESTRATEGIAS Y TECNICAS DE INVESTIGACION SOCIAL;MARIA ANGELES CEA D'ANCONA;2009;300.72;C 387mc;14291;
METODOLOGIA DE LA INTERVENCION EN TRABAJO SOCIAL;CRISTINA DE ROBERTIS ;1992;361;R 642m;6732;
METODOLOGIA OPERATIVA DEL TRABAJO SOCIAL DE CASO;MARIA XIMENA MENDEZ GUZMAN;2009;361;M 538m;14229;
METODOLOGIA Y METODO EN TRABAJO SOCIAL;JUAN BARREIX;1997;361;B 271;10942;
METODOLOGIA Y METODO EN TRABAJO SOCIAL;JUAN BARREIX;1997;361;B 271;3588;
METODOLOGIA Y PRACTICA DE LA ANIMACION SOCIO CULTURAL;EZEQUIEL ANDER-EGG;1997;361;A 543me;7697;
METODOLOGIA Y PRACTICA DE LA ANIMACION SOCIO CULTURAL;EZEQUIEL ANDER-EGG;1997;361;A 543me;7698;
METODOLOGIA Y PRACTICA DE LA ANIMACION SOCIO CULTURAL;EZEQUIEL ANDER-EGG;1997;361;A 543me;7699;
METODOLOGIA Y PRACTICA DE LA ANIMACION SOCIO CULTURAL;EZEQUIEL ANDER-EGG;1997;361;A 543me;7700;
METODOLOGIA Y PRACTICA DE LA ANIMACION SOCIO CULTURAL;EZEQUIEL ANDER-EGG;1997;361;A 543me;7702;
METODOLOGIA Y PRACTICA DE LA ANIMACION SOCIO CULTURAL;EZEQUIEL ANDER-EGG;1997;361;A 543me;7703;
METODOLOGIA Y PRACTICA DE LA ANIMACION SOCIO CULTURAL;EZEQUIEL ANDER-EGG;1997;361;A 543me;7704;
METODOLOGIA Y TECNICAS DE INVESTIGACION EN CIENCIAS SOCIALES;FELIPE PARDINAS;1989;300;P 226;2739;
METODOLOGIA Y TECNICAS DE INVESTIGACION EN CIENCIAS SOCIALES;FELIPE PARDINAS;1989;300;P 226;2740;
METODOS DE INVESTIGACION SOCIAL;WILLIAM J. GOODE;1967;301;G 647;5074;
METODOS DEL TRABAJO SOCIAL;EZEQUIEL ANDER-EGG;1997;361;A 543m;6614;
METODOS DEL TRABAJO SOCIAL;EZEQUIEL ANDER-EGG;1997;361;A 543m;6615;
METODOS DEL TRABAJO SOCIAL;EZEQUIEL ANDER-EGG;1997;361;A 543m;6617;
METODOS DEL TRABAJO SOCIAL;EZEQUIEL ANDER-EGG;1997;361;A 543m;6619;
METODOS DEL TRABAJO SOCIAL;EZEQUIEL ANDER-EGG;1997;361;A 543m;9194;
METODOS DEL TRABAJO SOCIAL;EZEQUIEL ANDER-EGG;1997;361;A 543m;9196;
METODOS DEL TRABAJO SOCIAL;EZEQUIEL ANDER-EGG;1997;361;A 543m;9829;
METODOS DEL TRABAJO SOCIAL;EZEQUIEL ANDER-EGG;1997;361;A 543m;6616;
METODOS ESTADISTICOS EN CIENCIAS SOCIALES;RICARDO VELEZ IBARROLA;2006;301;V 436m;14297;
NOMENCLATOR BIO-BIBLIOGRAFICO DE LA SOCIOLOGIA;FRANCISCO AYALA;1947;301;A 973n;3010;
PAREJA Y FAMILIA;ISABEL M. CALVO;2001;306.8;C 169;3356;
PAREJA Y FAMILIA;ISABEL M. CALVO;2001;306.8;C 169;3357;
PAUTAS DE TERAPIA FAMILIAR BREVE;STEVE DE SHAZER;1996;362.82;S 524p;9811;
PAUTAS DE TERAPIA FAMILIAR BREVE;STEVE DE SHAZER;1996;362.82;S 524p;2605;
PAUTAS DE TERAPIA FAMILIAR BREVE;STEVE DE SHAZER;1996;362.82;S 524p;9234;
PERFIL DEL ANIMADOR SOCIOCULTURAL;SARA DE MIGUEL BADESA;1995;361;D 278;7668;
PERFIL DEL ANIMADOR SOCIOCULTURAL;SARA DE MIGUEL BADESA;1995;361;D 278;7740;
PERSPECTIVAS EN LA PRODUCCION DE GRUPOS;ENRIQUE DI CARLO;1983;361;D 536p;6463;
PERSPECTIVAS EN LA PRODUCCION DE GRUPOS;ENRIQUE DI CARLO;1983;361;D 536p;6465;
PERSPECTIVAS EN LA PRODUCCION DE GRUPOS;ENRIQUE DI CARLO;1983;361;D 536p;6494;
PLANEAMIENTO TERRITORIAL Y CIENCIAS SOCIALES. DESARROLLO DE LOS RECURSOS HUMANOS;ROLANDO GIOJA;1984;300;G 495;7630;
PLANEAMIENTO TERRITORIAL Y CIENCIAS SOCIALES. DESARROLLO DE LOS RECURSOS HUMANOS;ROLANDO GIOJA;1984;300;G 495;8004;
PLANEAMIENTO TERRITORIAL Y CIENCIAS SOCIALES. DESARROLLO DE LOS RECURSOS HUMANOS;ROLANDO GIOJA;1984;300;G 495;8005;
POBREZA Y ESCOLARIDAD EN AMERICA LATINA;MAGDALENA MARTIN;1989;362.5;M 379p;7846;
POBREZA Y ESCOLARIDAD EN AMERICA LATINA;MAGDALENA MARTIN;1989;362.5;M 379p;7847;
POBREZA Y ESCOLARIDAD EN AMERICA LATINA;MAGDALENA MARTIN;1989;362.5;M 379p;7848;
POBREZA Y ESCOLARIDAD EN AMERICA LATINA;MAGDALENA MARTIN;1989;362.5;M 379p;9807;
POLITICA EDUCATIVA. LO ILUSORIO Y LO POSIBLE;ROGER GIROD;1984;370;G 526;3526;
POLITICAS DE SERVICIOS SOCIALES;DEMETRIO CASADO;1998;362.6;C 334p;3109;
POLITICAS DE SERVICIOS SOCIALES;DEMETRIO CASADO;1998;362.6;C 334p;3118;
POLITICAS SOCIALES Y ESTRATEGIAS HABITACIONALES;OSCAR GRILLO;1995;361;G 859p;3188;
POLITICAS SOCIALES Y ESTRATEGIAS HABITACIONALES;OSCAR GRILLO;1995;361;G 859p;3189;
POLITICAS SOCIALES Y ESTRATEGIAS HABITACIONALES;OSCAR GRILLO;1995;361;G 859p;3190;
POLITICAS SOCIALES Y ESTRATEGIAS HABITACIONALES;OSCAR GRILLO;1995;361;G 859p;10619;
POLITICAS SOCIALES Y TRABAJO SOCIAL;ARTURO FERNANDEZ;1992;361;F 363p;6743;
POLITICAS SOCIALES Y TRABAJO SOCIAL;ARTURO FERNANDEZ;1992;361;F 363p;6744;
POLITICAS SOCIALES Y TRABAJO SOCIAL;ARTURO FERNANDEZ;1992;361;F 363p;6745;
POLITICAS SOCIALES Y TRABAJO SOCIAL;ARTURO FERNANDEZ;1992;361;F 363p;6746;
POLITICAS SOCIALES Y TRABAJO SOCIAL;ARTURO FERNANDEZ;1992;361;F 363p;6747;
POLITICAS SOCIALES Y TRABAJO SOCIAL;ARTURO FERNANDEZ;1992;361;F 363p;6748;
PRACTICA DE LA DINAMICA DE GRUPOS;KLAUS ANTONS;1990;302.5;A 635;6361;
PRACTICA DE LA DINAMICA DE GRUPOS;KLAUS ANTONS;1990;302.5;A 635;6362;
PRIMER SEMINARIO DE ARQUEOLOGIA. SERIE ANTROPOLOGIA 1;INSTITUTO FUNDAMENTOS CULTURALES;1998;306.2;B 982a;9185;
PROBLEMATICAS FAMILIARES ACTUALES Y TERAPIA FAMILIAR;ALBERTO ESPINA;1995;306.8;E 77;6502;
PSICOLOGIA;AROLDO RODRIGUES;1976;302;R 696;3358;
PSICOLOGIA;AROLDO RODRIGUES;1976;302;R 696;3360;
PSICOLOGIA;AROLDO RODRIGUES;1976;302;R 696;3361;
PSICOLOGIA  SOCIAL;DAVID G. MYERS;1995;302;M 996;7443;
PSICOLOGIA DE GRUPOS;PIO SBANDI;1976;302.5;S 276;9954;
PSICOLOGIA DE GRUPOS;PIO SBANDI;1976;302.5;S 276;9957;
PSICOLOGIA DE GRUPOS;PIO SBANDI;1976;302.5;S 276;9958;
PSICOLOGIA DE GRUPOS;PIO SBANDI;1976;302.5;S 276;9962;
PSICOLOGIA DE GRUPOS;PIO SBANDI;1976;302.5;S 276;9964;
PSICOLOGIA DE GRUPOS;PIO SBANDI;1976;302.5;S 276;7610;
PSICOLOGIA DE LA MUSICA Y EDUCACION MUSICAL;JOSEFA LACARCEL MORENO;2001;302;M 843p;10964;
PSICOLOGIA DEL GRUPO Y CAMBIO SOCIAL;SILVERIO BARRIGA;1982;302;B 275;7673;
PSICOLOGIA EDUCATICA. UN PUNTO DE VISTA COGNOSCITUVO;DAVID P. AUSABEL;1997;370.15;A 938;5188;
PSICOLOGIA EDUCATIVA;ANITA E. WOOLFOLK;1999;370;W 863 P;4972;
PSICOLOGIA SOCIAL;BARON BYRNE;1998;302;B 265p;7860;
PSICOLOGIA SOCIAL;BARON BYRNE;1998;302;B 265p;9735;
PSICOLOGIA SOCIAL;JAQUES PHILLIPE LEYENS;1991;302;L 683;5076;
PSICOLOGIA SOCIAL;J. FRANCISCO MORALES;1994;302;M 828;761;
PSICOLOGIA SOCIAL;J. FRANCISCO MORALES;1994;302;M 828;6240;
PSICOLOGIA SOCIAL;STEPHEN WORCHEL;2007;302;W 293ps;14301;
PSICOLOGIA SOCIAL DE LAS ORGANIZACIONES;DANIEL KATZ;1977;302;K 19;1743;
PSICOLOGIA SOCIAL I;S. MOSCOVICI;1991;302;M 894;3285;
PSICOLOGIA SOCIAL I;S. MOSCOVICI;1991;302;M 894;3286;
PSICOLOGIA SOCIAL I;S. MOSCOVICI;1991;302;M 894;14727;
PSICOLOGIA SOCIAL II;S. MOSCOVICI;1993;302;M 894ps;3282;
PSICOLOGIA SOCIAL II;S. MOSCOVICI;1993;302;M 894ps;3283;
PSICOLOGIA SOCIAL II;S. MOSCOVICI;1993;302;M 894ps;3284;
PSICOLOGIA SOCIAL Y TRABAJO SOCIAL;J. FRANCISCO MORALES;1996;302;M 828p;7841;
QUE ES EL TRABAJO SOCIAL;EZEQUIEL ANDER-EGG;1993;361;A 543;9651;
QUE ES EL TRABAJO SOCIAL;EZEQUIEL ANDER-EGG;1993;361;A 543;9653;
QUE ES EL TRABAJO SOCIAL;EZEQUIEL ANDER-EGG;1993;361;A 543;9654;
QUE ES EL TRABAJO SOCIAL;EZEQUIEL ANDER-EGG;1993;361;A 543;9655;
QUE ES EL TRABAJO SOCIAL;EZEQUIEL ANDER-EGG;1993;361;A 543;9657;
QUE ES EL TRABAJO SOCIAL;EZEQUIEL ANDER-EGG;1993;361;A 543;9659;
QUE ES EL TRABAJO SOCIAL;EZEQUIEL ANDER-EGG;1993;361;A 543;9660;
QUE ES EL TRABAJO SOCIAL;EZEQUIEL ANDER-EGG;1993;361;A 543;9662;
QUE ES LA PSICOLOGIA DE LA VEJEZ;ROCIO FERNANDEZ BALLESTEROS;1999;362.6;F 363q;8097;
QUE HACEMOS CON ELLOS AHORA QUE LOS TENEMOS ;MURIEL JAMES;1986;362.82;J 28;3498;
QUE SON LAS DROGAS;MIRIAM STOPPARD;2000;362.85;S 883q;10880;
REFLEXIONES SOBRE TRABAJO SOCIAL;NORBERTO ALAYON;1990;361;A 324;1187;
RELACIONES HUMANAS FUNDAMENTOS PSICOLOGICOS;GREGORIO FINGERMANN;1989;302.5;F 497;1203;
RELACIONES HUMANAS FUNDAMENTOS PSICOLOGICOS;GREGORIO FINGERMANN;1989;302.5;F 497;1204;
RELACIONES HUMANAS FUNDAMENTOS PSICOLOGICOS;GREGORIO FINGERMANN;1989;302.5;F 497;1205;
RELACIONES HUMANAS FUNDAMENTOS PSICOLOGICOS;GREGORIO FINGERMANN;1989;302.5;F 497;8018;
RELACIONES HUMANAS UN ENFOQUE MODERNO;ROSEMARY T. FRUEHLING;1988;302.5;F 944;209;
RELACIONES HUMANAS UN ENFOQUE MODERNO;ROSEMARY T. FRUEHLING;1988;302.5;F 944;210;
RELACIONES PUBLICAS;ISMAEL NUÑEZ MONTERO;2003;302.3;N 973;16502;
RESPONSABILIDAD PENAL DE ADOLESCENTES;CONSUELO CONTRERAS;2004;345.8304;C 764;16569;
RETO A LA INDEPENDENCIA ADULTO MAYOR;ALEJANDRA KRAUSS;2001;362.6;M 298re;9492;
REUNIONES DE APODERADOS: TAREA DE PADRES Y PROFESORES;CLAUDIO ROMAGNOLI E.;2000;306.8;R 756;8585;
REUNIONES DE APODERADOS: TAREA DE PADRES Y PROFESORES;CLAUDIO ROMAGNOLI E.;2000;306.8;R 756;8586;
REUNIONES DE APODERADOS: TAREA DE PADRES Y PROFESORES;CLAUDIO ROMAGNOLI E.;2000;306.8;R 756;8587;
REUNIONES DE APODERADOS: TAREA DE PADRES Y PROFESORES;CLAUDIO ROMAGNOLI E.;2000;306.8;R 756;8588;
REUNIONES DE APODERADOS: TAREA DE PADRES Y PROFESORES;CLAUDIO ROMAGNOLI E.;2000;306.8;R 756;8589;
REUNIONES DE APODERADOS: TAREA DE PADRES Y PROFESORES;CLAUDIO ROMAGNOLI E.;2000;306.8;R 756;8590;
SENTIDO COMUN Y EDUCACION EN LA FAMILIA;DIEGO IBAÑEZ LANGLOIS;1989;306.874;I 12;3306;
SENTIDO COMUN Y EDUCACION EN LA FAMILIA;DIEGO IBAÑEZ LANGLOIS;1989;306.874;I 12;3308;
SENTIDO COMUN Y EDUCACION EN LA FAMILIA;DIEGO IBAÑEZ LANGLOIS;1989;306.874;I 12;3309;
SENTIDO COMUN Y EDUCACION EN LA FAMILIA;DIEGO IBAÑEZ LANGLOIS;1989;306.874;I 12;3310;
SERIE ANTROPOLOGIA 2;INSTITUTO FUNDAMENTOS CULTURALES;2000;306.2;B 982an;9186;
SERVICIO SOCIAL DE GRUPO;NATALIO KISNERMAN;1968;361;K 61s;6749;
SERVICIO SOCIAL DE GRUPO;NATALIO KISNERMAN;1968;361;K 61s;6751;
SERVICIO SOCIAL DE GRUPO;NATALIO KISNERMAN;1968;361;K 61s;6752;
SERVICIO SOCIAL Y METODO SISTEMICO;ANNAMARIA CAMPANINI;1988;361;C 186;6547;
SERVICIO SOCIAL Y METODO SISTEMICO;ANNAMARIA CAMPANINI;1988;361;C 186;6548;
SERVICIO SOCIAL Y METODO SISTEMICO;ANNAMARIA CAMPANINI;1988;361;C 186;6550;
SERVICIO SOCIAL Y METODO SISTEMICO;ANNAMARIA CAMPANINI;1988;361;C 186;6551;
SERVICIO SOCIAL Y METODO SISTEMICO;ANNAMARIA CAMPANINI;1988;361;C 186;6552;
SICOLOGIA DE GRUPOS;JOSE RAFAEL PRADA;1991;302.5;P 896;5243;
SICOLOGIA DE GRUPOS;JOSE RAFAEL PRADA;1991;302.5;P 896;5244;
SICOLOGIA DE GRUPOS;JOSE RAFAEL PRADA;1991;302.5;P 896;5245;
SICOLOGIA DE GRUPOS;JOSE RAFAEL PRADA;1991;302.5;P 896;7176;
SISTEMA DE LA SOCIOLOGIA;FRANCISCO AYALA;1947;301;A 973s;3009;
SISTEMATIZACION DE LA PRACTICA CON GRUPOS ;NATALIO KISNERMAN;1997;302.5;K 46s;9259;
SOCIOLOGIA;JOSEPH H. FICHTER;1994;301;F 545;195;
SOCIOLOGIA;JOSEPH H. FICHTER;1994;301;F 545;3312;
SOCIOLOGIA;JOSEPH H. FICHTER;1994;301;F 545;3313;
SOCIOLOGIA;PAUL B. HORTON;1988;301;H 823;7231;
SOCIOLOGIA;PAUL B. HORTON;1988;301;H 823;7232;
SOCIOLOGIA;PAUL B. HORTON;1988;301;H 823;7233;
SOCIOLOGIA;PAUL B. HORTON;1988;301;H 823;7235;
SOCIOLOGIA;PAUL B. HORTON;1988;301;H 823;7236;
SOCIOLOGIA;PAUL B. HORTON;1988;301;H 823;700;
SOCIOLOGIA DE LA COMUNIDAD LOCAL;RENE KONIG;1971;360;K 82s;3120;
SOCIOLOGIA DE LA COMUNIDAD LOCAL;RENE KONIG;1971;360;K 82s;3121;
SOCIOLOGIA DE LA FAMILIA Y DEL MATRIMONIO;ANDREE MICHEL;1991;306.8;M 623s;9830;
SOCIOLOGIA DE LA FAMILIA Y DEL MATRIMONIO;ANDREE MICHEL;1991;306.8;M 623s;7805;
SOCIOLOGIA PARA EL TRABAJO SOCIAL ;JOSE ALMARAZ;1996;361;A 444s;5569;
SOCIOLOGIA Y SERVICIO SOCIAL;MARIO J. RUZZO;1980;361;R 987;7710;
SOCIOLOGIA Y SERVICIO SOCIAL;MARIO J. RUZZO;1980;361;R 987;7711;
SOCIOLOGIA Y SERVICIO SOCIAL;MARIO J. RUZZO;1980;361;R 987;3400;
SOCIOLOGIA Y SERVICIO SOCIAL;MARIO J. RUZZO;1980;361;R 987;3402;
SUPERVISION EN DESARROLLO DE COMUNIDAD;HELIDA M. ESPECHE;1980;361;M 386;7618;
TECNICAS DE DESARROLLO COMUNITARIO;FRANCISCO GOMEZJARA;1996;307;G 633t;3409;
TECNICAS DE DESARROLLO COMUNITARIO;FRANCISCO GOMEZJARA;1996;307;G 633t;3410;
TECNICAS DE DESARROLLO COMUNITARIO;FRANCISCO GOMEZJARA;1996;307;G 633t;3411;
TECNICAS DE DESARROLLO COMUNITARIO;FRANCISCO GOMEZJARA;1996;307;G 633t;9814;
TECNICAS DE INVESTIGACION SOCIAL;EZEQUIEL ANDER-EGG;1995;301;A 543;6489;
TECNICAS DE INVESTIGACION SOCIAL;EZEQUIEL ANDER-EGG;1995;301;A 543;6491;
TECNICAS DE TERAPIA FAMILIAR;SALVADOR MINUCHIN;1981;362.82;M 668;3445;
TEORIA DE SOCIOLOGICA MODERNA;GEORGE RITZER;2002;301;R 612t;10845;
TEORIA PARA EL TRABAJO PSICOSOCIAL;GUNNAR BERNLER;1988;361;B 528;9017;
TEORIA PARA EL TRABAJO PSICOSOCIAL;GUNNAR BERNLER;1988;361;B 528;9221;
TEORIA PARA EL TRABAJO PSICOSOCIAL;GUNNAR BERNLER;1988;361;B 528;9222;
TEORIA PARA EL TRABAJO PSICOSOCIAL;GUNNAR BERNLER;1988;361;B 528;9223;
TEORIA PARA EL TRABAJO PSICOSOCIAL;GUNNAR BERNLER;1988;361;B 528;9224;
TEORIA PARA EL TRABAJO PSICOSOCIAL;GUNNAR BERNLER;1988;361;B 528;9225;
TEORIA PARA EL TRABAJO PSICOSOCIAL;GUNNAR BERNLER;1988;361;B 528;9226;
TEORIA PARA EL TRABAJO PSICOSOCIAL;GUNNAR BERNLER;1988;361;B 528;9227;
TEORIA PARA EL TRABAJO PSICOSOCIAL;GUNNAR BERNLER;1988;361;B 528;9228;
TEORIA PARA EL TRABAJO PSICOSOCIAL;GUNNAR BERNLER;1988;361;B 528;9229;
TEORIA PARA EL TRABAJO PSICOSOCIAL;GUNNAR BERNLER;1988;361;B 528;9230;
TEORIA SOCIOLOGIA CLASICA;GEORGE RITZER;2001;301;R 612t;10846;
TEORIA Y PRACTICA DEL TRABAJO SOCIAL EN EMPRESA;ENRIQUE DI CARLO;1994;361;D 536t;6274;
TEORIA Y PRACTICA DEL TRABAJO SOCIAL EN EMPRESA;ENRIQUE DI CARLO;1994;361;D 536t;2966;
TEORIA Y PRACTICA DEL TRABAJO SOCIAL EN EMPRESA;ENRIQUE DI CARLO;1994;361;D 536t;2967;
TEORIA Y PRACTICA DEL TRABAJO SOCIAL EN EMPRESA;ENRIQUE DI CARLO;1994;361;D 536t;2968;
TEORIA Y PRACTICA DEL TRABAJO SOCIAL. COMUNIDAD. 5;NATALIO KISNERMAN;1986;361;K 61c;1193;
TEORIA Y PRACTICA DEL TRABAJO SOCIAL. DIDACTICA PARA EL TRABAJO SOCIAL. 8;NATALIO KISNERMAN;1986;361;K 61g;1195;
TEORIA Y PRACTICA DEL TRABAJO SOCIAL. EL METODO: INTERVENCION TRANSFORMADORA. 3;NATALIO KISNERMAN;1986;361;K 61m;1201;
TEORIA Y PRACTICA DEL TRABAJO SOCIAL. GRUPO. 6;NATALIO KISNERMAN;1986;361;K 61g;1194;
TEORIA Y REALIDAD DEL SERVICIO SOCIAL;ENRIQUE DI CARLO;1984;361;D 536t;1184;
TEORIA Y REALIDAD DEL SERVICIO SOCIAL;ENRIQUE DI CARLO;1984;361;D 536t;1185;
TEORIAS EN PSICOLOGIA SOCIAL;M. DEUTSCH;1989;302;D 486;3287;
TEORIAS EN PSICOLOGIA SOCIAL;M. DEUTSCH;1989;302;D 486;3288;
TEORIAS EN PSICOLOGIA SOCIAL;M. DEUTSCH;1989;302;D 486;3446;
TERAPIA FAMILIAR. MODELOS Y TECNICAS;DANIEL SANCHEZ;2000;361;SA 194;14296;
TRABAJANDO CON EL PROBLEMA DEL ALCOHOL;INSOO KIM BERG;1992;306.85;B 493;7695;
TRABAJANDO CON EL PROBLEMA DEL ALCOHOL;INSOO KIM BERG;1992;306.85;B 493;7696;
TRABAJO DE GRUPO EN LA INSTITUCION;GISELA KONOPKA;1973;361;K 82s;6473;
TRABAJO DE GRUPO EN LA INSTITUCION;GISELA KONOPKA;1973;361;K 82s;6474;
TRABAJO DE GRUPO EN LA INSTITUCION;GISELA KONOPKA;1973;361;K 82s;6475;
TRABAJO SOCIAL CON GRUPOS;CHARLES H. ZATROW;2008;361.4;Z 38ts;14298;
TRABAJO SOCIAL E INTERDISCIPLINARIEDAD;EZEQUIEL ANDER-EGG;1984;361;A 543t;6259;
TRABAJO SOCIAL E INTERDISCIPLINARIEDAD;EZEQUIEL ANDER-EGG;1984;361;A 543t;6260;
TRABAJO SOCIAL E INTERDISCIPLINARIEDAD;EZEQUIEL ANDER-EGG;1984;361;A 543t;6261;
TRABAJO SOCIAL EN AMERICA LATINA. BALANCE Y PERSPECTIVAS;CELATS;1982;361.98;L 732;1180;
TRABAJO SOCIAL EN AMERICA LATINA. BALANCE Y PERSPECTIVAS;CELATS;1982;361.98;L 732;1181;
TRABAJO SOCIAL Y COMPROMISO ETICO;MARGARITA ROZAS PAGAZA;2000;361;R 893t;3269;
TRABAJO SOCIAL Y COMPROMISO ETICO;MARGARITA ROZAS PAGAZA;2000;361;R 893t;3270;
TRABAJO SOCIAL Y COMPROMISO ETICO;MARGARITA ROZAS PAGAZA;2000;361;R 893t;3399;
TRABAJO SOCIAL Y COMPROMISO ETICO;MARGARITA ROZAS PAGAZA;2000;361;R 893t;9821;
TRABAJO SOCIAL Y COMPROMISO ETICO;MARGARITA ROZAS PAGAZA;2000;361;R 893t;10363;
TRABAJO SOCIAL Y GERENCIAMIENTO SOCIAL;MARIO RUBEN CALARCO;1995;361;C 142;6264;
TRABAJO SOCIAL Y GERENCIAMIENTO SOCIAL;MARIO RUBEN CALARCO;1995;361;C 142;6265;
TRES MODELOS DE REINSERCION FAMILIAR;MARIA CRUZ OLIVER SOLA;1991;306.8;O 48;6556;
TRES MODELOS DE REINSERCION FAMILIAR;MARIA CRUZ OLIVER SOLA;1991;306.8;0 48;6519;
TRES MODELOS DE REINSERCION FAMILIAR;MARIA CRUZ OLIVER SOLA;1991;306.8;0 48;6521;
UN ENFOQUE OPERATIVO DE LA METODOLOGIA DEL TRABAJO SOCIAL;NIDIA AYLWIN DE BARROS ;1982;361.001.8;A 978;1217;
UNA MAQUINA TRAGAPLACERES;GONZALO VALDIVIESO WIELANDT;1997;306;V 146;5026;
USO DE AUDIOVISUALES EN LA DOCENCIA;LORETO ILLANES;1996;302.23;I 29;8458;
USO DE AUDIOVISUALES EN LA DOCENCIA;LORETO ILLANES;1996;302.23;I 29;8459;
USO DE AUDIOVISUALES EN LA DOCENCIA;LORETO ILLANES;1996;302.23;I 29;8460;
VIVIENDA Y PROMOCION HUMANA;NATALIO KISNERMAN;1983;362.82;K 61v;3666;
VIVIENDA Y PROMOCION HUMANA;NATALIO KISNERMAN;1983;362.82;K 61v;3667;
VIVIR CON OTROS;ANA MARIA ARON;1992;303.32;A 769;1833;
